training-example,training-instance-global,training-instance-local,token,label:thematic,label:token
0,0,0,START,START,START
0,1,1,She,subj:native-of,t:subj:IS_WOMAN
0,2,2,Nat,subj:native-of,t:rel:IS_NATIVE_OF
0,3,3,of,subj:native-of,t:rel:IS_NATIVE_OF
0,4,4,Ferrymount,subj:native-of,t:location:NAME
0,5,5,",",subj:native-of,t:DELIMITER
0,6,6,6,subj:native-of,t:location:DISTANCE
0,7,7,miles,subj:native-of,t:location:DISTANCE_UNIT
0,8,8,from,subj:native-of,t:location:FROM
0,9,9,Mt,subj:native-of,t:location:NAME
0,10,10,Mellick,subj:native-of,t:location:NAME
0,11,11,",",subj:native-of,t:location:NAME
0,12,12,Queens,subj:native-of,t:location:NAME
0,13,13,",",subj:native-of,t:location:NAME
0,14,14,Ire,subj:native-of,t:location:NAME
0,15,15,-,delimiter:thematic,delimiter:thematic
0,16,16,Arr,subj:emigration-event,t:emigration:ARRIVED
0,17,17,Jul,subj:emigration-event,t:time:MONTH
0,18,18,1844,subj:emigration-event,t:time:YEAR
0,19,19,per,subj:emigration-event,t:emigration:VIA
0,20,20,Fairfield,subj:emigration-event,t:emigration:VESSEL
0,21,21,from,subj:emigration-event,t:emigration:VESSEL_HAS_ORIGIN
0,22,22,LP,subj:emigration-event,t:location:NAME
0,23,23,-,delimiter:thematic,delimiter:thematic
0,24,24,Fa,fam:parents,t:person:FATHER
0,25,25,in,fam:parents,t:person:LOCATED_IN
0,26,26,Ire,fam:parents,t:location:NAME
0,27,27,John,fam:parents,t:person:NAME
0,28,28,Henry,fam:parents,t:person:NAME
0,29,29,",",fam:parents,t:DELIMITER
0,30,30,Mo,fam:parents,t:person:MOTHER
0,31,31,dead,fam:parents,t:person:IS_DEAD
0,32,32,Bridget,fam:parents,t:person:NAME
0,33,33,Fahy,fam:parents,t:person:NAME
0,34,34,",",delimiter:thematic,delimiter:thematic
0,35,35,4,fam:siblings,t:person:NUMBER
0,36,36,Bros,fam:siblings,t:person:BROTHERS
0,37,37,Pat,fam:siblings,t:person:NAME
0,38,38,,fam:siblings,t:person:NAME
0,39,39,k,fam:siblings,t:person:NAME
0,40,40,",",fam:siblings,t:DELIMITER
0,41,41,John,fam:siblings,t:person:NAME
0,42,42,&,fam:siblings,t:DELIMITER
0,43,43,James,fam:siblings,t:person:NAME
0,44,44,in,fam:siblings,t:person:LOCATED_IN
0,45,45,US,fam:siblings,t:location:NAME
0,46,46,",",fam:siblings,t:DELIMITER
0,47,47,Martin,fam:siblings,t:person:NAME
0,48,48,in,fam:siblings,t:person:LOCATED_IN
0,49,49,Ire,fam:siblings,t:location:NAME
0,50,50,",",fam:siblings,t:DELIMITER
0,51,51,3,fam:siblings,t:person:NUMBER
0,52,52,Sis,fam:siblings,t:person:SISTERS
0,53,53,Ellen,fam:siblings,t:person:NAME
0,54,54,",",fam:siblings,t:DELIMITER
0,55,55,Honora,fam:siblings,t:person:NAME
0,56,56,&,fam:siblings,t:DELIMITER
0,57,57,_,fam:siblings,t:BLANK
0,58,58,_,fam:siblings,t:BLANK
0,59,59,_,fam:siblings,t:BLANK
0,60,60,see,meta:record-reference,t:meta:SEE
0,61,61,3989,meta:record-reference,t:meta:ACCOUNT_NUMBER
0,62,62,END,END,END
1,63,0,START,START,START
1,64,1,No,meta:no-remarks,t:meta:NO_REMARKS
1,65,2,Remarks,meta:no-remarks,t:meta:NO_REMARKS
1,66,3,END,END,END
2,67,0,START,START,START
2,68,1,None,meta:no-remarks,t:meta:NO_REMARKS
2,69,2,-,delimiter:thematic,delimiter:thematic
2,70,3,see,meta:record-reference,t:meta:SEE
2,71,4,4,meta:record-reference,t:meta:ACCOUNT_NUMBER
2,72,5,",",meta:record-reference,t:DELIMITER
2,73,6,5,meta:record-reference,t:meta:ACCOUNT_NUMBER
2,74,7,",",meta:record-reference,t:DELIMITER
2,75,8,6,meta:record-reference,t:meta:ACCOUNT_NUMBER
2,76,9,",",meta:record-reference,t:DELIMITER
2,77,10,2471,meta:record-reference,t:meta:ACCOUNT_NUMBER
2,78,11,END,END,END
3,79,0,START,START,START
3,80,1,Theobald,subj:name,t:person:NAME
3,81,2,M,subj:name,t:person:NAME
3,82,3,Ryan,subj:name,t:person:NAME
3,83,4,-,delimiter:thematic,delimiter:thematic
3,84,5,see,meta:record-reference,t:meta:SEE
3,85,6,3,meta:record-reference,t:meta:ACCOUNT_NUMBER
3,86,7,",",meta:record-reference,t:DELIMITER
3,87,8,5,meta:record-reference,t:meta:ACCOUNT_NUMBER
3,88,9,",",meta:record-reference,t:DELIMITER
3,89,10,6,meta:record-reference,t:meta:ACCOUNT_NUMBER
3,90,11,",",meta:record-reference,t:DELIMITER
3,91,12,2471,meta:record-reference,t:meta:ACCOUNT_NUMBER
3,92,13,END,END,END
4,93,0,START,START,START
4,94,1,Erina,subj:name,t:person:NAME
4,95,2,W,subj:name,t:person:NAME
4,96,3,Ryan,subj:name,t:person:NAME
4,97,4,-,delimiter:thematic,delimiter:thematic
4,98,5,see,meta:record-reference,t:meta:SEE
4,99,6,3,meta:record-reference,t:meta:ACCOUNT_NUMBER
4,100,7,",",meta:record-reference,t:DELIMITER
4,101,8,4,meta:record-reference,t:meta:ACCOUNT_NUMBER
4,102,9,",",meta:record-reference,t:DELIMITER
4,103,10,6,meta:record-reference,t:meta:ACCOUNT_NUMBER
4,104,11,",",meta:record-reference,t:DELIMITER
4,105,12,2471,meta:record-reference,t:meta:ACCOUNT_NUMBER
4,106,13,END,END,END
5,107,0,START,START,START
5,108,1,Mary,subj:name,t:person:NAME
5,109,2,A,subj:name,t:person:NAME
5,110,3,Ryan,subj:name,t:person:NAME
5,111,4,-,delimiter:thematic,delimiter:thematic
5,112,5,see,meta:record-reference,t:meta:SEE
5,113,6,3,meta:record-reference,t:meta:ACCOUNT_NUMBER
5,114,7,",",meta:record-reference,t:DELIMITER
5,115,8,4,meta:record-reference,t:meta:ACCOUNT_NUMBER
5,116,9,",",meta:record-reference,t:DELIMITER
5,117,10,5,meta:record-reference,t:meta:ACCOUNT_NUMBER
5,118,11,",",meta:record-reference,t:DELIMITER
5,119,12,2471,meta:record-reference,t:meta:ACCOUNT_NUMBER
5,120,13,END,END,END
6,121,0,START,START,START
6,122,1,No,meta:no-remarks,t:meta:NO_REMARKS
6,123,2,Remarks,meta:no-remarks,t:meta:NO_REMARKS
6,124,3,END,END,END
7,125,0,START,START,START
7,126,1,Cornelia,subj:name,t:person:NAME
7,127,2,Cagney,subj:name,t:person:NAME
7,128,3,END,END,END
8,129,0,START,START,START
8,130,1,No,meta:no-remarks,t:meta:NO_REMARKS
8,131,2,Remarks,meta:no-remarks,t:meta:NO_REMARKS
8,132,3,END,END,END
9,133,0,START,START,START
9,134,1,Native,subj:native-of,t:rel:IS_NATIVE_OF
9,135,2,of,subj:native-of,t:rel:IS_NATIVE_OF
9,136,3,Cormack,subj:native-of,t:location:NAME
9,137,4,",",subj:native-of,t:DELIMITER
9,138,5,7mi,subj:native-of,t:location:DISTANCE
9,139,6,from,subj:native-of,t:location:FROM
9,140,7,Loughrea,subj:native-of,t:location:NAME
9,141,8,",",subj:native-of,t:location:NAME
9,142,9,Co,subj:native-of,t:location:NAME
9,143,10,Galway,subj:native-of,t:location:NAME
9,144,11,Ire,subj:native-of,t:location:NAME
9,145,12,-,delimiter:thematic,delimiter:thematic
9,146,13,Arr,subj:emigration-event,t:emigration:ARRIVED
9,147,14,NY,subj:emigration-event,t:location:NAME
9,148,15,May,subj:emigration-event,t:time:MONTH
9,149,16,7,subj:emigration-event,t:time:DATE
9,150,17,per,subj:emigration-event,t:emigration:VIA
9,151,18,the,subj:emigration-event,t:emigration:VIA
9,152,19,ship,subj:emigration-event,t:emigration:VIA
9,153,20,Howard,subj:emigration-event,t:emigration:VESSEL
9,154,21,from,subj:emigration-event,t:emigration:VESSEL_HAS_ORIGIN
9,155,22,L,subj:emigration-event,t:location:NAME
9,156,23,,subj:emigration-event,t:location:NAME
9,157,24,Pool,subj:emigration-event,t:location:NAME
9,158,25,-,delimiter:thematic,delimiter:thematic
9,159,26,Parents,fam:parents,t:person:PARENTS
9,160,27,Dead,fam:parents,t:person:IS_DEAD
9,161,28,",",fam:parents,t:DELIMITER
9,162,29,Fa,fam:parents,t:person:FATHER
9,163,30,Owen,fam:parents,t:person:NAME
9,164,31,-,fam:parents,t:DELIMITER
9,165,32,Mo,fam:parents,t:person:MOTHER
9,166,33,Mary,fam:parents,t:person:NAME
9,167,34,Quill,fam:parents,t:person:NAME
9,168,35,",",delimiter:thematic,delimiter:thematic
9,169,36,2,fam:siblings,t:person:NUMBER
9,170,37,Sisters,fam:siblings,t:person:SISTERS
9,171,38,Marg,fam:siblings,t:person:NAME
9,172,39,in,fam:siblings,t:person:LOCATED_IN
9,173,40,NY,fam:siblings,t:location:NAME
9,174,41,-,fam:siblings,t:DELIMITER
9,175,42,Bridget,fam:siblings,t:person:NAME
9,176,43,in,fam:siblings,t:person:LOCATED_IN
9,177,44,Ire,fam:siblings,t:location:NAME
9,178,45,-,delimiter:thematic,delimiter:thematic
9,179,46,Is,subj:marital-status,t:person:IS_SINGLE
9,180,47,Single,subj:marital-status,t:person:IS_SINGLE
9,181,48,END,END,END
10,182,0,START,START,START
10,183,1,No,meta:no-remarks,t:meta:NO_REMARKS
10,184,2,Remarks,meta:no-remarks,t:meta:NO_REMARKS
10,185,3,END,END,END
11,186,0,START,START,START
11,187,1,Thomas,subj:name,t:person:NAME
11,188,2,Ball,subj:name,t:person:NAME
11,189,3,END,END,END
12,190,0,START,START,START
12,191,1,Margaret,subj:name,t:person:NAME
12,192,2,Monfort,subj:name,t:person:NAME
12,193,3,END,END,END
13,194,0,START,START,START
13,195,1,Mary,subj:name,t:person:NAME
13,196,2,Devin,subj:name,t:person:NAME
13,197,3,END,END,END
14,198,0,START,START,START
14,199,1,No,meta:no-remarks,t:meta:NO_REMARKS
14,200,2,Remarks,meta:no-remarks,t:meta:NO_REMARKS
14,201,3,END,END,END
15,202,0,START,START,START
15,203,1,No,meta:no-remarks,t:meta:NO_REMARKS
15,204,2,Remarks,meta:no-remarks,t:meta:NO_REMARKS
15,205,3,END,END,END
16,206,0,START,START,START
16,207,1,No,meta:no-remarks,t:meta:NO_REMARKS
16,208,2,Remarks,meta:no-remarks,t:meta:NO_REMARKS
16,209,3,END,END,END
17,210,0,START,START,START
17,211,1,No,meta:no-remarks,t:meta:NO_REMARKS
17,212,2,Remarks,meta:no-remarks,t:meta:NO_REMARKS
17,213,3,END,END,END
18,214,0,START,START,START
18,215,1,No,meta:no-remarks,t:meta:NO_REMARKS
18,216,2,Remarks,meta:no-remarks,t:meta:NO_REMARKS
18,217,3,END,END,END
19,218,0,START,START,START
19,219,1,No,meta:no-remarks,t:meta:NO_REMARKS
19,220,2,Remarks,meta:no-remarks,t:meta:NO_REMARKS
19,221,3,END,END,END
20,222,0,START,START,START
20,223,1,No,meta:no-remarks,t:meta:NO_REMARKS
20,224,2,Remarks,meta:no-remarks,t:meta:NO_REMARKS
20,225,3,END,END,END
21,226,0,START,START,START
21,227,1,No,meta:no-remarks,t:meta:NO_REMARKS
21,228,2,Remarks,meta:no-remarks,t:meta:NO_REMARKS
21,229,3,END,END,END
22,230,0,START,START,START
22,231,1,No,meta:no-remarks,t:meta:NO_REMARKS
22,232,2,Remarks,meta:no-remarks,t:meta:NO_REMARKS
22,233,3,END,END,END
23,234,0,START,START,START
23,235,1,Lives,subj:residence-info,t:residential:LIVES_WITH
23,236,2,with,subj:residence-info,t:residential:LIVES_WITH
23,237,3,Mr,subj:residence-info,t:person:NAME
23,238,4,Cabinshan,subj:residence-info,t:person:NAME
23,239,5,END,END,END
24,240,0,START,START,START
24,241,1,No,meta:no-remarks,t:meta:NO_REMARKS
24,242,2,Remarks,meta:no-remarks,t:meta:NO_REMARKS
24,243,3,END,END,END
25,244,0,START,START,START
25,245,1,Mrs,subj:name,t:person:NAME
25,246,2,Bridget,subj:name,t:person:NAME
25,247,3,Rodgers,subj:name,t:person:NAME
25,248,4,END,END,END
26,249,0,START,START,START
26,250,1,No,meta:no-remarks,t:meta:NO_REMARKS
26,251,2,Remarks,meta:no-remarks,t:meta:NO_REMARKS
26,252,3,END,END,END
27,253,0,START,START,START
27,254,1,Nat,subj:native-of,t:rel:IS_NATIVE_OF
27,255,2,of,subj:native-of,t:rel:IS_NATIVE_OF
27,256,3,Craughwell,subj:native-of,t:location:NAME
27,257,4,",",subj:native-of,t:location:NAME
27,258,5,Co,subj:native-of,t:location:NAME
27,259,6,Galway,subj:native-of,t:location:NAME
27,260,7,",",subj:native-of,t:location:NAME
27,261,8,Ire,subj:native-of,t:location:NAME
27,262,9,-,delimiter:thematic,delimiter:thematic
27,263,10,Arr,subj:emigration-event,t:emigration:ARRIVED
27,264,11,NY,subj:emigration-event,t:location:NAME
27,265,12,perMay,subj:emigration-event,t:time:MONTH
27,266,13,1849,subj:emigration-event,t:time:YEAR
27,267,14,",",subj:emigration-event,t:DELIMITER
27,268,15,per,subj:emigration-event,t:emigration:VIA
27,269,16,Sea,subj:emigration-event,t:emigration:VESSEL
27,270,17,Bird,subj:emigration-event,t:emigration:VESSEL
27,271,18,fr,subj:emigration-event,t:emigration:VESSEL_HAS_ORIGIN
27,272,19,Galway,subj:emigration-event,t:location:NAME
27,273,20,",",delimiter:thematic,delimiter:thematic
27,274,21,Fa,fam:parents,t:person:FATHER
27,275,22,dead,fam:parents,t:person:IS_DEAD
27,276,23,Wm,fam:parents,t:person:NAME
27,277,24,Sullivan,fam:parents,t:person:NAME
27,278,25,",",fam:parents,t:DELIMITER
27,279,26,Mo,fam:parents,t:person:MOTHER
27,280,27,Ellen,fam:parents,t:person:NAME
27,281,28,Donnelly,fam:parents,t:person:NAME
27,282,29,",",delimiter:thematic,delimiter:thematic
27,283,30,Has,fam:siblings,t:rel:HAS
27,284,31,5,fam:siblings,t:person:NUMBER
27,285,32,Bros,fam:siblings,t:person:BROTHERS
27,286,33,&,fam:siblings,t:DELIMITER
27,287,34,1,fam:siblings,t:person:NUMBER
27,288,35,Sister,fam:siblings,t:person:SISTERS
27,289,36,Mary,fam:siblings,t:person:NAME
27,290,37,",",fam:siblings,t:person:NAME
27,291,38,Catherine,fam:siblings,t:person:NAME
27,292,39,Same,meta:record-reference,t:meta:IS_SAME_AS
27,293,40,as,meta:record-reference,t:meta:IS_SAME_AS
27,294,41,8720,meta:record-reference,t:meta:ACCOUNT_NUMBER
27,295,42,",",delimiter:thematic,delimiter:thematic
27,296,43,lives,subj:residence-info,t:residential:LIVES_WITH
27,297,44,with,subj:residence-info,t:residential:LIVES_WITH
27,298,45,her,subj:residence-info,t:residential:LIVES_WITH
27,299,46,Son,subj:residence-info,t:person:SON
27,300,47,",",delimiter:thematic,delimiter:thematic
27,301,48,She,subj:native-of,t:subj:IS_WOMAN
27,302,49,is,subj:native-of,t:rel:IS_NATIVE_OF
27,303,50,a,subj:native-of,t:rel:IS_NATIVE_OF
27,304,51,Nat,subj:native-of,t:rel:IS_NATIVE_OF
27,305,52,of,subj:native-of,t:rel:IS_NATIVE_OF
27,306,53,Craughwell,subj:native-of,t:location:NAME
27,307,54,",",subj:native-of,t:location:NAME
27,308,55,Co,subj:native-of,t:location:NAME
27,309,56,Galway,subj:native-of,t:location:NAME
27,310,57,",",subj:native-of,t:location:NAME
27,311,58,re,subj:native-of,t:location:NAME
27,312,59,Arrived,subj:emigration-event,t:emigration:ARRIVED
27,313,60,NY,subj:emigration-event,t:location:NAME
27,314,61,May,subj:emigration-event,t:time:MONTH
27,315,62,,subj:emigration-event,t:time:MONTH
27,316,63,49,subj:emigration-event,t:time:YEAR
27,317,64,per,subj:emigration-event,t:emigration:VIA
27,318,65,ship,subj:emigration-event,t:emigration:VIA
27,319,66,Sea,subj:emigration-event,t:emigration:VESSEL
27,320,67,Bird,subj:emigration-event,t:emigration:VESSEL
27,321,68,from,subj:emigration-event,t:emigration:VESSEL_HAS_ORIGIN
27,322,69,Galway,subj:emigration-event,t:location:NAME
27,323,70,END,END,END
28,324,0,START,START,START
28,325,1,Account,account:note,t:meta:ACCOUNT_CLOSED
28,326,2,Closed,account:note,t:meta:ACCOUNT_CLOSED
28,327,3,to,account:note,t:meta:ACCOUNT_CLOSED
28,328,4,Surplus,account:note,t:meta:ACCOUNT_CLOSED
28,329,5,Oct,account:note,t:time:MONTH
28,330,6,28,account:note,t:time:DATE
28,331,7,",",account:note,t:DELIMITER
28,332,8,1913,account:note,t:time:YEAR
28,333,9,END,END,END
29,334,0,START,START,START
29,335,1,Wife,subj:marital-status,t:rel:HAS_HUSBAND
29,336,2,of,subj:marital-status,t:rel:HAS_HUSBAND
29,337,3,Patrick,subj:marital-status,t:person:NAME
29,338,4,Murray,subj:marital-status,t:person:NAME
29,339,5,Co,subj:marital-status,t:person:NAME
29,340,6,END,END,END
30,341,0,START,START,START
30,342,1,Former,subj:residence-info,t:residential:FORMERLY_LOCATED_AT
30,343,2,residence,subj:residence-info,t:residential:FORMERLY_LOCATED_AT
30,344,3,",",subj:residence-info,t:DELIMITER
30,345,4,Tuttletown,subj:residence-info,t:location:NAME
30,346,5,",",subj:residence-info,t:location:NAME
30,347,6,Ulster,subj:residence-info,t:location:NAME
30,348,7,Co,subj:residence-info,t:location:NAME
30,349,8,.,subj:residence-info,t:location:NAME
30,350,9,NY,subj:residence-info,t:location:NAME
30,351,10,[,meta:parenthetical,meta:parenthetical
30,352,11,Dutchess,meta:parenthetical,meta:parenthetical
30,353,12,Co,meta:parenthetical,meta:parenthetical
30,354,13,",",meta:parenthetical,meta:parenthetical
30,355,14,Sow,meta:parenthetical,meta:parenthetical
30,356,15,Pt,meta:parenthetical,meta:parenthetical
30,357,16,Landing,meta:parenthetical,meta:parenthetical
30,358,17,],meta:parenthetical,meta:parenthetical
30,359,18,END,END,END
31,360,0,START,START,START
31,361,1,No,meta:no-remarks,t:meta:NO_REMARKS
31,362,2,Remarks,meta:no-remarks,t:meta:NO_REMARKS
31,363,3,END,END,END
32,364,0,START,START,START
32,365,1,Per,subj:emigration-event,t:emigration:VIA
32,366,2,ship,subj:emigration-event,t:emigration:VIA
32,367,3,Republic,subj:emigration-event,t:emigration:VESSEL
32,368,4,Nov,subj:emigration-event,t:time:MONTH
32,369,5,1846,subj:emigration-event,t:time:YEAR
32,370,6,From,subj:emigration-event,t:emigration:VESSEL_HAS_ORIGIN
32,371,7,L,subj:emigration-event,t:location:NAME
32,372,8,,subj:emigration-event,t:location:NAME
32,373,9,Pool,subj:emigration-event,t:location:NAME
32,374,10,-,delimiter:thematic,delimiter:thematic
32,375,11,Clerk,subj:occupation,t:work:OCCUPATION
32,376,12,in,subj:occupation,t:work:OCCUPATION
32,377,13,Emigrant,subj:occupation,t:work:OCCUPATION
32,378,14,Society,subj:occupation,t:work:OCCUPATION
32,379,15,END,END,END
33,380,0,START,START,START
33,381,1,No,meta:no-remarks,t:meta:NO_REMARKS
33,382,2,Remarks,meta:no-remarks,t:meta:NO_REMARKS
33,383,3,[,meta:parenthetical,meta:parenthetical
33,384,4,Watchman,meta:parenthetical,meta:parenthetical
33,385,5,in,meta:parenthetical,meta:parenthetical
33,386,6,Public,meta:parenthetical,meta:parenthetical
33,387,7,Store,meta:parenthetical,meta:parenthetical
33,388,8,],meta:parenthetical,meta:parenthetical
33,389,9,END,END,END
34,390,0,START,START,START
34,391,1,No,meta:no-remarks,t:meta:NO_REMARKS
34,392,2,Remarks,meta:no-remarks,t:meta:NO_REMARKS
34,393,3,END,END,END
35,394,0,START,START,START
35,395,1,No,meta:no-remarks,t:meta:NO_REMARKS
35,396,2,Remarks,meta:no-remarks,t:meta:NO_REMARKS
35,397,3,[,meta:parenthetical,meta:parenthetical
35,398,4,Morroco,meta:parenthetical,meta:parenthetical
35,399,5,Dresser,meta:parenthetical,meta:parenthetical
35,400,6,",",meta:parenthetical,meta:parenthetical
35,401,7,Beamis,meta:parenthetical,meta:parenthetical
35,402,8,Frank,meta:parenthetical,meta:parenthetical
35,403,9,],meta:parenthetical,meta:parenthetical
35,404,10,END,END,END
36,405,0,START,START,START
36,406,1,Native,subj:native-of,t:rel:IS_NATIVE_OF
36,407,2,of,subj:native-of,t:rel:IS_NATIVE_OF
36,408,3,Ireland,subj:native-of,t:location:NAME
36,409,4,&,delimiter:thematic,t:DELIMITER
36,410,5,Single,subj:marital-status,t:person:IS_SINGLE
36,411,6,",",delimiter:thematic,t:DELIMITER
36,412,7,[,meta:parenthetical,meta:parenthetical
36,413,8,Patrick,meta:parenthetical,meta:parenthetical
36,414,9,is,meta:parenthetical,meta:parenthetical
36,415,10,a,meta:parenthetical,meta:parenthetical
36,416,11,Gardener,meta:parenthetical,meta:parenthetical
36,417,12,&,meta:parenthetical,meta:parenthetical
36,418,13,lives,meta:parenthetical,meta:parenthetical
36,419,14,at,meta:parenthetical,meta:parenthetical
36,420,15,Pavonia,meta:parenthetical,meta:parenthetical
36,421,16,Housein,meta:parenthetical,meta:parenthetical
36,422,17,Jersey,meta:parenthetical,meta:parenthetical
36,423,18,City,meta:parenthetical,meta:parenthetical
36,424,19,],meta:parenthetical,meta:parenthetical
36,425,20,END,END,END
37,426,0,START,START,START
37,427,1,No,meta:no-remarks,t:meta:NO_REMARKS
37,428,2,Remarks,meta:no-remarks,t:meta:NO_REMARKS
37,429,3,END,END,END
38,430,0,START,START,START
38,431,1,No,meta:no-remarks,t:meta:NO_REMARKS
38,432,2,Remarks,meta:no-remarks,t:meta:NO_REMARKS
38,433,3,-,delimiter:thematic,delimiter:thematic
38,434,4,see,meta:record-reference,t:meta:SEE
38,435,5,39,meta:record-reference,t:meta:ACCOUNT_NUMBER
38,436,6,",",meta:record-reference,t:DELIMITER
38,437,7,1177,meta:record-reference,t:meta:ACCOUNT_NUMBER
38,438,8,",",meta:record-reference,t:DELIMITER
38,439,9,4512,meta:record-reference,t:meta:ACCOUNT_NUMBER
38,440,10,END,END,END
39,441,0,START,START,START
39,442,1,No,meta:no-remarks,t:meta:NO_REMARKS
39,443,2,Remarks,meta:no-remarks,t:meta:NO_REMARKS
39,444,3,-,delimiter:thematic,delimiter:thematic
39,445,4,see,meta:record-reference,t:meta:SEE
39,446,5,12282,meta:record-reference,t:meta:ACCOUNT_NUMBER
39,447,6,END,END,END
40,448,0,START,START,START
40,449,1,Native,subj:native-of,t:rel:IS_NATIVE_OF
40,450,2,of,subj:native-of,t:rel:IS_NATIVE_OF
40,451,3,Germany,subj:native-of,t:location:NAME
40,452,4,END,END,END
41,453,0,START,START,START
41,454,1,No,meta:no-remarks,t:meta:NO_REMARKS
41,455,2,Remarks,meta:no-remarks,t:meta:NO_REMARKS
41,456,3,END,END,END
42,457,0,START,START,START
42,458,1,No,meta:no-remarks,t:meta:NO_REMARKS
42,459,2,Remarks,meta:no-remarks,t:meta:NO_REMARKS
42,460,3,END,END,END
43,461,0,START,START,START
43,462,1,Now,subj:residence-info,t:residential:CURRENTLY_LIVING_AT
43,463,2,living,subj:residence-info,t:residential:CURRENTLY_LIVING_AT
43,464,3,in,subj:residence-info,t:residential:CURRENTLY_LIVING_AT
43,465,4,Cedar,subj:residence-info,t:location:NAME
43,466,5,St,subj:residence-info,t:location:NAME
43,467,6,-,subj:residence-info,t:DELIMITER
43,468,7,Had,subj:residence-info,t:residential:LIVES_WITH
43,469,8,a,subj:residence-info,t:residential:LIVES_WITH
43,470,9,Brother,subj:residence-info,t:person:BROTHERS
43,471,10,living,subj:residence-info,t:residential:LIVES_WITH
43,472,11,with,subj:residence-info,t:residential:LIVES_WITH
43,473,12,him,subj:residence-info,t:residential:LIVES_WITH
43,474,13,END,END,END
44,475,0,START,START,START
44,476,1,19,subj:age,t:person:AGE_YEAR
44,477,2,yrs,subj:age,t:person:AGE
44,478,3,old,subj:age,t:person:AGE
44,479,4,-,delimiter:thematic,delimiter:thematic
44,480,5,Lived,subj:residence-info,t:residential:LIVED_WITH
44,481,6,with,subj:residence-info,t:residential:LIVED_WITH
44,482,7,Mrs,subj:residence-info,t:person:NAME
44,483,8,Sutton,subj:residence-info,t:person:NAME
44,484,9,END,END,END
45,485,0,START,START,START
45,486,1,Husbands,fam:spouse,t:rel:HAS_HUSBAND
45,487,2,name,fam:spouse,t:rel:HAS_HUSBAND
45,488,3,Jacob,fam:spouse,t:person:NAME
45,489,4,S,fam:spouse,t:person:NAME
45,490,5,Brouwer,fam:spouse,t:person:NAME
45,491,6,-,delimiter:thematic,delimiter:thematic
45,492,7,Farmer,subj:occupation,t:work:OCCUPATION
45,493,8,END,END,END
46,494,0,START,START,START
46,495,1,No,meta:no-remarks,t:meta:NO_REMARKS
46,496,2,Remarks,meta:no-remarks,t:meta:NO_REMARKS
46,497,3,[,meta:parenthetical,meta:parenthetical
46,498,4,Broadway,meta:parenthetical,meta:parenthetical
46,499,5,350,meta:parenthetical,meta:parenthetical
46,500,6,at,meta:parenthetical,meta:parenthetical
46,501,7,the,meta:parenthetical,meta:parenthetical
46,502,8,Carlton,meta:parenthetical,meta:parenthetical
46,503,9,House,meta:parenthetical,meta:parenthetical
46,504,10,],meta:parenthetical,meta:parenthetical
46,505,11,END,END,END
47,506,0,START,START,START
47,507,1,Nat,subj:native-of,t:rel:IS_NATIVE_OF
47,508,2,of,subj:native-of,t:rel:IS_NATIVE_OF
47,509,3,Hohnherst,subj:native-of,t:location:NAME
47,510,4,",",subj:native-of,t:location:NAME
47,511,5,Hessencastle,subj:native-of,t:location:NAME
47,512,6,",",subj:native-of,t:location:NAME
47,513,7,Ger,subj:native-of,t:location:NAME
47,514,8,-,delimiter:thematic,delimiter:thematic
47,515,9,Arr,subj:emigration-event,t:emigration:ARRIVED
47,516,10,Sept,subj:emigration-event,t:time:MONTH
47,517,11,1851,subj:emigration-event,t:time:YEAR
47,518,12,per,subj:emigration-event,t:emigration:VIA
47,519,13,Emma,subj:emigration-event,t:emigration:VESSEL
47,520,14,from,subj:emigration-event,t:emigration:VESSEL_HAS_ORIGIN
47,521,15,Brem,subj:emigration-event,t:location:NAME
47,522,16,",",delimiter:thematic,delimiter:thematic
47,523,17,Fa,fam:parents,t:person:FATHER
47,524,18,d,fam:parents,t:person:IS_DEAD
47,525,19,Henry,fam:parents,t:person:NAME
47,526,20,Glade,fam:parents,t:person:NAME
47,527,21,",",fam:parents,t:DELIMITER
47,528,22,Mo,fam:parents,t:person:MOTHER
47,529,23,living,fam:parents,t:person:IS_LIVING
47,530,24,Sophia,fam:parents,t:person:NAME
47,531,25,Richas,fam:parents,t:person:NAME
47,532,26,",",delimiter:thematic,delimiter:thematic
47,533,27,3,fam:siblings,t:person:NUMBER
47,534,28,Bro,fam:siblings,t:person:BROTHERS
47,535,29,",",fam:siblings,t:DELIMITER
47,536,30,John,fam:siblings,t:person:NAME
47,537,31,Philip,fam:siblings,t:person:NAME
47,538,32,[,meta:parenthetical,meta:parenthetical
47,539,33,dep,meta:parenthetical,meta:parenthetical
47,540,34,2575,meta:parenthetical,meta:parenthetical
47,541,35,],meta:parenthetical,meta:parenthetical
47,542,36,&,fam:siblings,t:DELIMITER
47,543,37,Herman,fam:siblings,t:person:NAME
47,544,38,Otto,fam:siblings,t:person:NAME
47,545,39,[,meta:parenthetical,meta:parenthetical
47,546,40,dep,meta:parenthetical,meta:parenthetical
47,547,41,4613,meta:parenthetical,meta:parenthetical
47,548,42,],meta:parenthetical,meta:parenthetical
47,549,43,in,fam:siblings,t:person:LOCATED_IN
47,550,44,US,fam:siblings,t:location:NAME
47,551,45,",",fam:siblings,t:DELIMITER
47,552,46,1,fam:siblings,t:person:NUMBER
47,553,47,Christopher,fam:siblings,t:person:NAME
47,554,48,in,fam:siblings,t:person:LOCATED_IN
47,555,49,Ger,fam:siblings,t:location:NAME
47,556,50,",",fam:siblings,t:DELIMITER
47,557,51,1,fam:siblings,t:person:NUMBER
47,558,52,Sis,fam:siblings,t:person:SISTERS
47,559,53,in,fam:siblings,t:person:LOCATED_IN
47,560,54,[,meta:parenthetical,meta:parenthetical
47,561,55,Ardsley,meta:parenthetical,meta:parenthetical
47,562,56,],meta:parenthetical,meta:parenthetical
47,563,57,Sophia,fam:siblings,t:person:NAME
47,564,58,",",fam:siblings,t:DELIMITER
47,565,59,1,fam:siblings,t:person:NUMBER
47,566,60,Mary,fam:siblings,t:person:NAME
47,567,61,in,fam:siblings,t:person:LOCATED_IN
47,568,62,Ger,fam:siblings,t:location:NAME
47,569,63,",",delimiter:thematic,delimiter:thematic
47,570,64,Single,subj:marital-status,t:person:IS_SINGLE
47,571,65,-,delimiter:thematic,delimiter:thematic
47,572,66,see,meta:record-reference,t:meta:SEE
47,573,67,48,meta:record-reference,t:meta:ACCOUNT_NUMBER
47,574,68,",",meta:record-reference,t:DELIMITER
47,575,69,1485,meta:record-reference,t:meta:ACCOUNT_NUMBER
47,576,70,",",meta:record-reference,t:DELIMITER
47,577,71,2575,meta:record-reference,t:meta:ACCOUNT_NUMBER
47,578,72,",",meta:record-reference,t:DELIMITER
47,579,73,3193,meta:record-reference,t:meta:ACCOUNT_NUMBER
47,580,74,",",meta:record-reference,t:DELIMITER
47,581,75,4613,meta:record-reference,t:meta:ACCOUNT_NUMBER
47,582,76,",",meta:record-reference,t:DELIMITER
47,583,77,5655,meta:record-reference,t:meta:ACCOUNT_NUMBER
47,584,78,",",meta:record-reference,t:DELIMITER
47,585,79,5754,meta:record-reference,t:meta:ACCOUNT_NUMBER
47,586,80,",",meta:record-reference,t:DELIMITER
47,587,81,5857,meta:record-reference,t:meta:ACCOUNT_NUMBER
47,588,82,END,END,END
48,589,0,START,START,START
48,590,1,In,account:note,t:UNKNOWN
48,591,2,Trust,account:note,t:UNKNOWN
48,592,3,for,account:note,t:UNKNOWN
48,593,4,Mary,account:note,t:person:NAME
48,594,5,",",account:note,t:DELIMITER
48,595,6,Catherine,account:note,t:person:NAME
48,596,7,&,account:note,t:DELIMITER
48,597,8,Elizabeth,account:note,t:person:NAME
48,598,9,Garrick,account:note,t:person:NAME
48,599,10,END,END,END
49,600,0,START,START,START
49,601,1,No,meta:no-remarks,t:meta:NO_REMARKS
49,602,2,Remarks,meta:no-remarks,t:meta:NO_REMARKS
49,603,3,END,END,END
50,604,0,START,START,START
50,605,1,German,subj:native-of,t:person:HAS_NATIONALITY
50,606,2,21,subj:age,t:person:AGE_YEAR
50,607,3,Yrs,subj:age,t:person:AGE
50,608,4,old,subj:age,t:person:AGE
50,609,5,-,delimiter:thematic,delimiter:thematic
50,610,6,Going,subj:biographical-note,t:UNKNOWN
50,611,7,to,subj:biographical-note,t:UNKNOWN
50,612,8,Milwaukee,subj:biographical-note,t:UNKNOWN
50,613,9,END,END,END
51,614,0,START,START,START
51,615,1,No,meta:no-remarks,t:meta:NO_REMARKS
51,616,2,Remarks,meta:no-remarks,t:meta:NO_REMARKS
51,617,3,END,END,END
52,618,0,START,START,START
52,619,1,Lived,subj:residence-info,t:residential:FORMERLY_LOCATED_AT
52,620,2,at,subj:residence-info,t:residential:FORMERLY_LOCATED_AT
52,621,3,the,subj:residence-info,t:location:NAME
52,622,4,corner,subj:residence-info,t:location:NAME
52,623,5,of,subj:residence-info,t:location:NAME
52,624,6,Sherriff,subj:residence-info,t:location:NAME
52,625,7,and,subj:residence-info,t:location:NAME
52,626,8,Stanton,subj:residence-info,t:location:NAME
52,627,9,St,subj:residence-info,t:location:NAME
52,628,10,and,subj:residence-info,t:UNKNOWN
52,629,11,3,subj:residence-info,t:UNKNOWN
52,630,12,mos,subj:residence-info,t:UNKNOWN
52,631,13,Since,subj:residence-info,t:UNKNOWN
52,632,14,-,delimiter:thematic,delimiter:thematic
52,633,15,Has,subj:biographical-note,t:UNKNOWN
52,634,16,Just,subj:biographical-note,t:UNKNOWN
52,635,17,Returned,subj:biographical-note,t:UNKNOWN
52,636,18,from,subj:biographical-note,t:UNKNOWN
52,637,19,Washington,subj:biographical-note,t:UNKNOWN
52,638,20,City,subj:biographical-note,t:UNKNOWN
52,639,21,-,delimiter:thematic,delimiter:thematic
52,640,22,Has,subj:biographical-note,t:UNKNOWN
52,641,23,been,subj:biographical-note,t:UNKNOWN
52,642,24,to,subj:biographical-note,t:UNKNOWN
52,643,25,see,subj:biographical-note,t:UNKNOWN
52,644,26,Her,subj:biographical-note,t:UNKNOWN
52,645,27,Parents,subj:biographical-note,t:UNKNOWN
52,646,28,at,subj:biographical-note,t:UNKNOWN
52,647,29,Fredricksburgh,subj:biographical-note,t:UNKNOWN
52,648,30,Va,subj:biographical-note,t:UNKNOWN
52,649,31,-,delimiter:thematic,delimiter:thematic
52,650,32,A,subj:marital-status,t:person:IS_WIDOWED
52,651,33,Widow,subj:marital-status,t:person:IS_WIDOWED
52,652,34,END,END,END
53,653,0,START,START,START
53,654,1,No,meta:no-remarks,t:meta:NO_REMARKS
53,655,2,Remarks,meta:no-remarks,t:meta:NO_REMARKS
53,656,3,END,END,END
54,657,0,START,START,START
54,658,1,No,meta:no-remarks,t:meta:NO_REMARKS
54,659,2,Remarks,meta:no-remarks,t:meta:NO_REMARKS
54,660,3,END,END,END
55,661,0,START,START,START
55,662,1,No,meta:no-remarks,t:meta:NO_REMARKS
55,663,2,Remarks,meta:no-remarks,t:meta:NO_REMARKS
55,664,3,END,END,END
56,665,0,START,START,START
56,666,1,20,subj:age,t:person:AGE_YEAR
56,667,2,yrs,subj:age,t:person:AGE
56,668,3,old,subj:age,t:person:AGE
56,669,4,END,END,END
57,670,0,START,START,START
57,671,1,Nat,subj:native-of,t:rel:IS_NATIVE_OF
57,672,2,of,subj:native-of,t:rel:IS_NATIVE_OF
57,673,3,Ire,subj:native-of,t:location:NAME
57,674,4,",",delimiter:thematic,delimiter:thematic
57,675,5,His,fam:children,t:subj:IS_MAN
57,676,6,Son,fam:children,t:person:SON
57,677,7,Thos,fam:children,t:person:NAME
57,678,8,is,fam:children,t:rel:IS_NATIVE_OF
57,679,9,Nat,fam:children,t:rel:IS_NATIVE_OF
57,680,10,of,fam:children,t:rel:IS_NATIVE_OF
57,681,11,Ireland,fam:children,t:location:NAME
57,682,12,-,delimiter:thematic,delimiter:thematic
57,683,13,Works,subj:occupation,t:work:WORKS_FOR
57,684,14,with,subj:occupation,t:work:WORKS_FOR
57,685,15,W,subj:occupation,t:work:EMPLOYER_NAME
57,686,16,R,subj:occupation,t:work:EMPLOYER_NAME
57,687,17,Dewhurst,subj:occupation,t:work:EMPLOYER_NAME
57,688,18,Co,subj:occupation,t:work:EMPLOYER_NAME
57,689,19,&,delimiter:thematic,delimiter:thematic
57,690,20,Is,subj:marital-status,t:person:IS_SINGLE
57,691,21,Single,subj:marital-status,t:person:IS_SINGLE
57,692,22,-,delimiter:thematic,delimiter:thematic
57,693,23,Mo,fam:parents,t:person:MOTHER
57,694,24,dead,fam:parents,t:person:IS_DEAD
57,695,25,Ann,fam:parents,t:person:NAME
57,696,26,Collins,fam:parents,t:person:NAME
57,697,27,END,END,END
58,698,0,START,START,START
58,699,1,No,meta:no-remarks,t:meta:NO_REMARKS
58,700,2,Remarks,meta:no-remarks,t:meta:NO_REMARKS
58,701,3,END,END,END
59,702,0,START,START,START
59,703,1,21,subj:age,t:person:AGE_YEAR
59,704,2,yrs,subj:age,t:person:AGE
59,705,3,old,subj:age,t:person:AGE
59,706,4,-,delimiter:thematic,delimiter:thematic
59,707,5,Parents,fam:parents,t:person:PARENTS
59,708,6,live,fam:parents,t:residential:CURRENTLY_LIVING_AT
59,709,7,in,fam:parents,t:residential:CURRENTLY_LIVING_AT
59,710,8,Germany,fam:parents,t:location:NAME
59,711,9,has,subj:biographical-note,t:person:LOCATED_IN
59,712,10,been,subj:biographical-note,t:person:LOCATED_IN
59,713,11,in,subj:biographical-note,t:person:LOCATED_IN
59,714,12,Am,subj:biographical-note,t:location:NAME
59,715,13,about,subj:biographical-note,t:time:ABOUT
59,716,14,1,subj:biographical-note,t:time:DURATION_VALUE
59,717,15,year,subj:biographical-note,t:time:DURATION_YEAR
59,718,16,END,END,END
60,719,0,START,START,START
60,720,1,No,meta:no-remarks,t:meta:NO_REMARKS
60,721,2,Remarks,meta:no-remarks,t:meta:NO_REMARKS
60,722,3,END,END,END
61,723,0,START,START,START
61,724,1,Nat,subj:native-of,t:rel:IS_NATIVE_OF
61,725,2,of,subj:native-of,t:rel:IS_NATIVE_OF
61,726,3,Lisloran,subj:native-of,t:location:NAME
61,727,4,",",subj:native-of,t:location:NAME
61,728,5,Co,subj:native-of,t:location:NAME
61,729,6,Tippy,subj:native-of,t:location:NAME
61,730,7,",",subj:native-of,t:location:NAME
61,731,8,Ire,subj:native-of,t:location:NAME
61,732,9,-,delimiter:thematic,delimiter:thematic
61,733,10,Arr,subj:emigration-event,t:emigration:ARRIVED
61,734,11,NY,subj:emigration-event,t:location:NAME
61,735,12,Jun,subj:emigration-event,t:time:MONTH
61,736,13,16,subj:emigration-event,t:time:DATE
61,737,14,",",subj:emigration-event,t:DELIMITER
61,738,15,1846,subj:emigration-event,t:time:YEAR
61,739,16,-,delimiter:thematic,delimiter:thematic
61,740,17,Arr,subj:emigration-event,t:emigration:ARRIVED
61,741,18,per,subj:emigration-event,t:emigration:VIA
61,742,19,ship,subj:emigration-event,t:emigration:VIA
61,743,20,Regulus,subj:emigration-event,t:emigration:VESSEL
61,744,21,fr,subj:emigration-event,t:emigration:VESSEL_HAS_ORIGIN
61,745,22,LP,subj:emigration-event,t:location:NAME
61,746,23,[,meta:parenthetical,meta:parenthetical
61,747,24,Is,meta:parenthetical,meta:parenthetical
61,748,25,Mar,meta:parenthetical,meta:parenthetical
61,749,26,to,meta:parenthetical,meta:parenthetical
61,750,27,Ellen,meta:parenthetical,meta:parenthetical
61,751,28,Hackett,meta:parenthetical,meta:parenthetical
61,752,29,",",meta:parenthetical,meta:parenthetical
61,753,30,b,meta:parenthetical,meta:parenthetical
61,754,31,.,meta:parenthetical,meta:parenthetical
61,755,32,Feb,meta:parenthetical,meta:parenthetical
61,756,33,22,meta:parenthetical,meta:parenthetical
61,757,34,",",meta:parenthetical,meta:parenthetical
61,758,35,1834,meta:parenthetical,meta:parenthetical
61,759,36,",",meta:parenthetical,meta:parenthetical
61,760,37,New,meta:parenthetical,meta:parenthetical
61,761,38,York,meta:parenthetical,meta:parenthetical
61,762,39,",",meta:parenthetical,meta:parenthetical
61,763,40,Fa,meta:parenthetical,meta:parenthetical
61,764,41,Jno,meta:parenthetical,meta:parenthetical
61,765,42,Hackett,meta:parenthetical,meta:parenthetical
61,766,43,",",meta:parenthetical,meta:parenthetical
61,767,44,Mo,meta:parenthetical,meta:parenthetical
61,768,45,Cath,meta:parenthetical,meta:parenthetical
61,769,46,_,meta:parenthetical,meta:parenthetical
61,770,47,],meta:parenthetical,meta:parenthetical
61,771,48,3,fam:children,t:person:NUMBER
61,772,49,Ch,fam:children,t:person:CHILDREN
61,773,50,-,delimiter:thematic,delimiter:thematic
61,774,51,see,meta:record-reference,t:meta:SEE
61,775,52,62,meta:record-reference,t:meta:ACCOUNT_NUMBER
61,776,53,",",meta:record-reference,t:DELIMITER
61,777,54,2833,meta:record-reference,t:meta:ACCOUNT_NUMBER
61,778,55,",",meta:record-reference,t:DELIMITER
61,779,56,9494,meta:record-reference,t:meta:ACCOUNT_NUMBER
61,780,57,[,meta:parenthetical,meta:parenthetical
61,781,58,Note,meta:parenthetical,meta:parenthetical
61,782,59,;,meta:parenthetical,meta:parenthetical
61,783,60,All,meta:parenthetical,meta:parenthetical
61,784,61,accounts,meta:parenthetical,meta:parenthetical
61,785,62,differ,meta:parenthetical,meta:parenthetical
61,786,63,on,meta:parenthetical,meta:parenthetical
61,787,64,Townland,meta:parenthetical,meta:parenthetical
61,788,65,],meta:parenthetical,meta:parenthetical
61,789,66,END,END,END
17001,790,0,START,START,START
17001,791,1,Nat,subj:native-of,t:rel:IS_NATIVE_OF
17001,792,2,of,subj:native-of,t:rel:IS_NATIVE_OF
17001,793,3,London,subj:native-of,t:location:NAME
17001,794,4,",",delimiter:thematic,delimiter:thematic
17001,795,5,[,meta:parenthetical,meta:parenthetical
17001,796,6,England,meta:parenthetical,meta:parenthetical
17001,797,7,],meta:parenthetical,meta:parenthetical
17001,798,8,per,subj:emigration-event,t:emigration:VIA
17001,799,9,ship,subj:emigration-event,t:emigration:VIA
17001,800,10,Wm,subj:emigration-event,t:emigration:VESSEL
17001,801,11,Stetson,subj:emigration-event,t:emigration:VESSEL
17001,802,12,fr,subj:emigration-event,t:emigration:VESSEL_HAS_ORIGIN
17001,803,13,LP,subj:emigration-event,t:location:NAME
17001,804,14,-,delimiter:thematic,delimiter:thematic
17001,805,15,Is,fam:spouse,t:rel:HAS_SPOUSE
17001,806,16,Mar,fam:spouse,t:rel:HAS_SPOUSE
17001,807,17,to,fam:spouse,t:rel:HAS_SPOUSE
17001,808,18,Bridget,fam:spouse,t:person:NAME
17001,809,19,Heffernan,fam:spouse,t:person:NAME
17001,810,20,-,delimiter:thematic,delimiter:thematic
17001,811,21,1,fam:children,t:person:NUMBER
17001,812,22,Ch,fam:children,t:person:CHILDREN
17001,813,23,Thos,fam:children,t:person:NAME
17001,814,24,[,meta:parenthetical,meta:parenthetical
17001,815,25,Trinity,meta:parenthetical,meta:parenthetical
17001,816,26,Pl,meta:parenthetical,meta:parenthetical
17001,817,27,",",meta:parenthetical,meta:parenthetical
17001,818,28,in,meta:parenthetical,meta:parenthetical
17001,819,29,the,meta:parenthetical,meta:parenthetical
17001,820,30,Collins,meta:parenthetical,meta:parenthetical
17001,821,31,Building,meta:parenthetical,meta:parenthetical
17001,822,32,],meta:parenthetical,meta:parenthetical
17001,823,33,END,END,END
18002,824,0,START,START,START
18002,825,1,Nat,subj:native-of,t:rel:IS_NATIVE_OF
18002,826,2,Dromore,subj:native-of,t:location:NAME
18002,827,3,",",subj:native-of,t:location:NAME
18002,828,4,Co,subj:native-of,t:location:NAME
18002,829,5,Tyrone,subj:native-of,t:location:NAME
18002,830,6,",",subj:native-of,t:location:NAME
18002,831,7,Ire,subj:native-of,t:location:NAME
18002,832,8,-,delimiter:thematic,delimiter:thematic
18002,833,9,Arr,subj:emigration-event,t:emigration:ARRIVED
18002,834,10,Sep,subj:emigration-event,t:time:MONTH
18002,835,11,1835,subj:emigration-event,t:time:YEAR
18002,836,12,St,subj:emigration-event,t:location:NAME
18002,837,13,Johns,subj:emigration-event,t:location:NAME
18002,838,14,NB,subj:emigration-event,t:location:NAME
18002,839,15,per,subj:emigration-event,t:emigration:VIA
18002,840,16,Brig,subj:emigration-event,t:emigration:VESSEL
18002,841,17,Wm,subj:emigration-event,t:emigration:VESSEL
18002,842,18,fr,subj:emigration-event,t:emigration:VESSEL_HAS_ORIGIN
18002,843,19,Derry,subj:emigration-event,t:location:NAME
18002,844,20,-,delimiter:thematic,delimiter:thematic
18002,845,21,Fa,fam:parents,t:person:FATHER
18002,846,22,dead,fam:parents,t:person:IS_DEAD
18002,847,23,",",fam:parents,t:DELIMITER
18002,848,24,Danl,fam:parents,t:person:NAME
18002,849,25,",",fam:parents,t:DELIMITER
18002,850,26,Mo,fam:parents,t:person:MOTHER
18002,851,27,in,fam:parents,t:person:LOCATED_IN
18002,852,28,NY,fam:parents,t:location:NAME
18002,853,29,",",fam:parents,t:DELIMITER
18002,854,30,Marg,fam:parents,t:person:NAME
18002,855,31,,fam:parents,t:person:NAME
18002,856,32,t,fam:parents,t:person:NAME
18002,857,33,Maguire,fam:parents,t:person:NAME
18002,858,34,",",delimiter:thematic,delimiter:thematic
18002,859,35,2,fam:siblings,t:person:NUMBER
18002,860,36,Bro,fam:siblings,t:person:BROTHERS
18002,861,37,in,fam:siblings,t:person:LOCATED_IN
18002,862,38,NY,fam:siblings,t:location:NAME
18002,863,39,",",fam:siblings,t:DELIMITER
18002,864,40,Dan,fam:siblings,t:person:NAME
18002,865,41,,fam:siblings,t:person:NAME
18002,866,42,l,fam:siblings,t:person:NAME
18002,867,43,&,fam:siblings,t:DELIMITER
18002,868,44,_,fam:siblings,t:BLANK
18002,869,45,_,fam:siblings,t:BLANK
18002,870,46,_,fam:siblings,t:BLANK
18002,871,47,",",fam:siblings,t:DELIMITER
18002,872,48,2,fam:siblings,t:person:NUMBER
18002,873,49,Sis,fam:siblings,t:person:SISTERS
18002,874,50,_,fam:siblings,t:BLANK
18002,875,51,_,fam:siblings,t:BLANK
18002,876,52,_,fam:siblings,t:BLANK
18002,877,53,",",fam:siblings,t:DELIMITER
18002,878,54,_,fam:siblings,t:BLANK
18002,879,55,_,fam:siblings,t:BLANK
18002,880,56,_,fam:siblings,t:BLANK
18002,881,57,-,delimiter:thematic,delimiter:thematic
18002,882,58,see,meta:record-reference,t:meta:SEE
18002,883,59,2871,meta:record-reference,t:meta:ACCOUNT_NUMBER
18002,884,60,END,END,END
19002,885,0,START,START,START
19002,886,1,Nat,subj:native-of,t:rel:IS_NATIVE_OF
19002,887,2,of,subj:native-of,t:rel:IS_NATIVE_OF
19002,888,3,Dublin,subj:native-of,t:location:NAME
19002,889,4,",",subj:native-of,t:location:NAME
19002,890,5,Ire,subj:native-of,t:location:NAME
19002,891,6,-,delimiter:thematic,delimiter:thematic
19002,892,7,Arr,subj:emigration-event,t:emigration:ARRIVED
19002,893,8,Sep,subj:emigration-event,t:time:MONTH
19002,894,9,1853,subj:emigration-event,t:time:YEAR
19002,895,10,per,subj:emigration-event,t:emigration:VIA
19002,896,11,Forest,subj:emigration-event,t:emigration:VESSEL
19002,897,12,State,subj:emigration-event,t:emigration:VESSEL
19002,898,13,-,delimiter:thematic,delimiter:thematic
19002,899,14,Is,fam:spouse,t:rel:IS_WIDOW_OF
19002,900,15,a,fam:spouse,t:rel:IS_WIDOW_OF
19002,901,16,Widow,fam:spouse,t:rel:IS_WIDOW_OF
19002,902,17,of,fam:spouse,t:rel:IS_WIDOW_OF
19002,903,18,Fras,fam:spouse,t:person:NAME
19002,904,19,Lemmon,fam:spouse,t:person:NAME
19002,905,20,-,delimiter:thematic,delimiter:thematic
19002,906,21,1,fam:children,t:person:NUMBER
19002,907,22,Ch,fam:children,t:person:CHILDREN
19002,908,23,Fras,fam:children,t:person:NAME
19002,909,24,END,END,END
9061,910,0,START,START,START
9061,911,1,Nat,subj:native-of,t:rel:IS_NATIVE_OF
9061,912,2,of,subj:native-of,t:rel:IS_NATIVE_OF
9061,913,3,Catskill,subj:native-of,t:location:NAME
9061,914,4,",",subj:native-of,t:location:NAME
9061,915,5,NY,subj:native-of,t:location:NAME
9061,916,6,-,delimiter:thematic,delimiter:thematic
9061,917,7,Par,fam:parents,t:person:PARENTS
9061,918,8,dead,fam:parents,t:person:IS_DEAD
9061,919,9,",",fam:parents,delimiter:thematic
9061,920,10,Fa,fam:parents,t:person:FATHER
9061,921,11,Caleb,fam:parents,t:person:NAME
9061,922,12,Benton,fam:parents,t:person:NAME
9061,923,13,",",fam:parents,t:DELIMITER
9061,924,14,Mo,fam:parents,t:person:MOTHER
9061,925,15,Sarah,fam:parents,t:person:NAME
9061,926,16,Beeke,fam:parents,t:person:NAME
9061,927,17,",",delimiter:thematic,t:DELIMITER
9061,928,18,1,fam:siblings,t:person:NUMBER
9061,929,19,Bro,fam:siblings,t:person:BROTHERS
9061,930,20,Louis,fam:siblings,t:person:NAME
9061,931,21,",",fam:siblings,t:DELIMITER
9061,932,22,no,fam:siblings,t:person:NUMBER
9061,933,23,Sis,fam:siblings,t:person:SISTERS
9061,934,24,",",delimiter:thematic,t:DELIMITER
9061,935,25,Is,fam:spouse,t:rel:HAS_SPOUSE
9061,936,26,Mar,fam:spouse,t:rel:HAS_SPOUSE
9061,937,27,to,fam:spouse,t:rel:HAS_SPOUSE
9061,938,28,Dr,fam:spouse,t:person:NAME
9061,939,29,.,fam:spouse,t:person:NAME
9061,940,30,James,fam:spouse,t:person:NAME
9061,941,31,Mairs,fam:spouse,t:person:NAME
9061,942,32,",",delimiter:thematic,delimiter:thematic
9061,943,33,6,fam:children,t:person:NUMBER
9061,944,34,Ch,fam:children,t:person:CHILDREN
9061,945,35,",",fam:children,t:DELIMITER
9061,946,36,Eliza,fam:children,t:person:NAME
9061,947,37,",",fam:children,t:DELIMITER
9061,948,38,James,fam:children,t:person:NAME
9061,949,39,",",fam:children,t:DELIMITER
9061,950,40,Sarah,fam:children,t:person:NAME
9061,951,41,",",fam:children,t:DELIMITER
9061,952,42,Chas,fam:children,t:person:NAME
9061,953,43,&,fam:children,t:DELIMITER
9061,954,44,Mary,fam:children,t:person:NAME
9061,955,45,",",fam:children,t:DELIMITER
9061,956,46,Stella,fam:children,t:person:NAME
9061,957,47,-,delimiter:thematic,delimiter:thematic
9061,958,48,see,meta:record-reference,t:meta:SEE
9061,959,49,4713,meta:record-reference,t:meta:ACCOUNT_NUMBER
9061,960,50,",",meta:record-reference,t:DELIMITER
9061,961,51,9061,meta:record-reference,t:meta:ACCOUNT_NUMBER
9061,962,52,",",meta:record-reference,t:DELIMITER
9061,963,53,11533,meta:record-reference,t:meta:ACCOUNT_NUMBER
9061,964,54,END,END,END
10018,965,0,START,START,START
10018,966,1,Nat,subj:native-of,t:rel:IS_NATIVE_OF
10018,967,2,of,subj:native-of,t:rel:IS_NATIVE_OF
10018,968,3,Gort,subj:native-of,t:location:NAME
10018,969,4,",",subj:native-of,t:location:NAME
10018,970,5,Co,subj:native-of,t:location:NAME
10018,971,6,Galway,subj:native-of,t:location:NAME
10018,972,7,",",subj:native-of,t:location:NAME
10018,973,8,Ire,subj:native-of,t:location:NAME
10018,974,9,-,delimiter:thematic,delimiter:thematic
10018,975,10,Arr,subj:emigration-event,t:emigration:ARRIVED
10018,976,11,May,subj:emigration-event,t:time:MONTH
10018,977,12,1,subj:emigration-event,t:time:DATE
10018,978,13,",",subj:emigration-event,t:DELIMITER
10018,979,14,1853,subj:emigration-event,t:time:YEAR
10018,980,15,per,subj:emigration-event,t:emigration:VIA
10018,981,16,ship,subj:emigration-event,t:emigration:VIA
10018,982,17,Abby,subj:emigration-event,t:emigration:VESSEL
10018,983,18,Blanchard,subj:emigration-event,t:emigration:VESSEL
10018,984,19,fr,subj:emigration-event,t:emigration:VESSEL_HAS_ORIGIN
10018,985,20,LP,subj:emigration-event,t:location:NAME
10018,986,21,-,delimiter:thematic,delimiter:thematic
10018,987,22,Fa,fam:parents,t:person:FATHER
10018,988,23,dead,fam:parents,t:person:IS_DEAD
10018,989,24,",",fam:parents,t:DELIMITER
10018,990,25,Hugh,fam:parents,t:person:NAME
10018,991,26,Banfill,fam:parents,t:person:NAME
10018,992,27,",",fam:parents,t:DELIMITER
10018,993,28,Mo,fam:parents,t:person:MOTHER
10018,994,29,in,fam:parents,t:person:LOCATED_IN
10018,995,30,Ire,fam:parents,t:location:NAME
10018,996,31,Mary,fam:parents,t:person:NAME
10018,997,32,Craven,fam:parents,t:person:NAME
10018,998,33,-,delimiter:thematic,delimiter:thematic
10018,999,34,Is,subj:marital-status,t:person:IS_SINGLE
10018,1000,35,Single,subj:marital-status,t:person:IS_SINGLE
10018,1001,36,-,delimiter:thematic,delimiter:thematic
10018,1002,37,Arr,subj:emigration-event,t:emigration:ARRIVED
10018,1003,38,Arr,subj:emigration-event,t:emigration:ARRIVED
10018,1004,39,May,subj:emigration-event,t:time:MONTH
10018,1005,40,20,subj:emigration-event,t:time:DATE
10018,1006,41,",",subj:emigration-event,t:DELIMITER
10018,1007,42,1854,subj:emigration-event,t:time:YEAR
10018,1008,43,per,subj:emigration-event,t:emigration:VIA
10018,1009,44,ship,subj:emigration-event,t:emigration:VIA
10018,1010,45,Lucy,subj:emigration-event,t:emigration:VESSEL
10018,1011,46,-,delimiter:thematic,delimiter:thematic
10018,1012,47,Husband,fam:spouse,t:person:HUSBAND
10018,1013,48,dead,fam:spouse,t:person:IS_DEAD
10018,1014,49,",",fam:spouse,t:DELIMITER
10018,1015,50,Patrick,fam:spouse,t:person:NAME
10018,1016,51,Ruberry,fam:spouse,t:person:NAME
10018,1017,52,",",delimiter:thematic,delimiter:thematic
10018,1018,53,1,fam:children,t:person:NUMBER
10018,1019,54,son,fam:children,t:person:SON
10018,1020,55,Michl,fam:children,t:person:NAME
10018,1021,56,.,fam:children,t:person:NAME
10018,1022,57,END,END,END
20900,1023,0,START,START,END
20900,1024,1,Nat,subj:native-of,t:rel:IS_NATIVE_OF
20900,1025,2,of,subj:native-of,t:rel:IS_NATIVE_OF
20900,1026,3,Portadown,subj:native-of,t:location:NAME
20900,1027,4,",",subj:native-of,t:location:NAME
20900,1028,5,Co,subj:native-of,t:location:NAME
20900,1029,6,Armagh,subj:native-of,t:location:NAME
20900,1030,7,",",subj:native-of,t:location:NAME
20900,1031,8,Ire,subj:native-of,t:location:NAME
20900,1032,9,-,delimiter:thematic,delimiter:thematic
20900,1033,10,Arr,subj:emigration-event,t:emigration:ARRIVED
20900,1034,11,NY,subj:emigration-event,t:location:NAME
20900,1035,12,Sep,subj:emigration-event,t:time:MONTH
20900,1036,13,22,subj:emigration-event,t:time:DATE
20900,1037,14,1849,subj:emigration-event,t:time:YEAR
20900,1038,15,per,subj:emigration-event,t:emigration:VIA
20900,1039,16,ship,subj:emigration-event,t:emigration:VIA
20900,1040,17,Reinzie,subj:emigration-event,t:emigration:VESSEL
20900,1041,18,fr,subj:emigration-event,t:emigration:VESSEL_HAS_ORIGIN
20900,1042,19,Belfast,subj:emigration-event,t:location:NAME
20900,1043,20,-,delimiter:thematic,delimiter:thematic
20900,1044,21,Fa,fam:parents,t:person:FATHER
20900,1045,22,in,fam:parents,t:person:LOCATED_IN
20900,1046,23,Stephensville,fam:parents,t:location:NAME
20900,1047,24,",",fam:parents,t:location:NAME
20900,1048,25,Sullivan,fam:parents,t:location:NAME
20900,1049,26,",",fam:parents,t:location:NAME
20900,1050,27,Co,fam:parents,t:location:NAME
20900,1051,28,Ms,fam:parents,t:location:NAME
20900,1052,29,",",fam:parents,t:DELIMITER
20900,1053,30,John,fam:parents,t:person:NAME
20900,1054,31,",",fam:parents,t:DELIMITER
20900,1055,32,Mo,fam:parents,t:person:MOTHER
20900,1056,33,dead,fam:parents,t:person:IS_DEAD
20900,1057,34,",",fam:parents,t:DELIMITER
20900,1058,35,Ann,fam:parents,t:person:NAME
20900,1059,36,McGee,fam:parents,t:person:NAME
20900,1060,37,-,delimiter:thematic,delimiter:thematic
20900,1061,38,no,fam:siblings,t:person:NUMBER
20900,1062,39,Bro,fam:siblings,t:person:BROTHERS
20900,1063,40,or,fam:siblings,t:person:NUMBER
20900,1064,41,Sis,fam:siblings,t:person:SISTERS
20900,1065,42,-,delimiter:thematic,delimiter:thematic
20900,1066,43,is,subj:marital-status,t:person:IS_SINGLE
20900,1067,44,Single,subj:marital-status,t:person:IS_SINGLE
20900,1068,45,-,delimiter:thematic,delimiter:thematic
20900,1069,46,see,meta:record-reference,t:meta:SEE
20900,1070,47,5621,meta:record-reference,t:meta:ACCOUNT_NUMBER
20900,1071,48,END,meta:record-reference,END
85,1072,0,START,START,START
85,1073,1,From,subj:native-of,t:rel:IS_NATIVE_OF
85,1074,2,Co,subj:native-of,t:location:NAME
85,1075,3,Roscommon,subj:native-of,t:location:NAME
85,1076,4,-,delimiter:thematic,delimiter:thematic
85,1077,5,3,subj:biographical-note,t:time:DURATION_VALUE
85,1078,6,yrs,subj:biographical-note,t:time:DURATION_YEAR
85,1079,7,in,subj:biographical-note,t:person:LOCATED_IN
85,1080,8,Ama,subj:biographical-note,t:location:NAME
85,1081,9,END,END,END
86,1082,0,START,START,START
86,1083,1,Daughter,fam:parents,t:rel:IS_DAUGHTER_OF
86,1084,2,of,fam:parents,t:rel:IS_DAUGHTER_OF
86,1085,3,Theresa,fam:parents,t:person:NAME
86,1086,4,Walsh,fam:parents,t:person:NAME
86,1087,5,",",fam:parents,t:DELIMITER
86,1088,6,College,fam:parents,t:location:NAME
86,1089,7,Point,fam:parents,t:location:NAME
86,1090,8,",",fam:parents,t:DELIMITER
86,1091,9,Flushing,fam:parents,t:location:NAME
86,1092,10,",",fam:parents,t:DELIMITER
86,1093,11,LI,fam:parents,t:location:NAME
86,1094,12,END,END,END
87,1095,0,START,START,START
87,1096,1,From,subj:native-of,t:rel:IS_NATIVE_OF
87,1097,2,New,subj:native-of,t:location:NAME
87,1098,3,Ross,subj:native-of,t:location:NAME
87,1099,4,",",subj:native-of,t:location:NAME
87,1100,5,Co,subj:native-of,t:location:NAME
87,1101,6,Wexford,subj:native-of,t:location:NAME
87,1102,7,END,END,END
66,1103,0,START,START,START
66,1104,1,Nat,subj:native-of,t:rel:IS_NATIVE_OF
66,1105,2,of,subj:native-of,t:rel:IS_NATIVE_OF
66,1106,3,Co,subj:native-of,t:location:NAME
66,1107,4,Galway,subj:native-of,t:location:NAME
66,1108,5,-,delimiter:thematic,t:DELIMITER
66,1109,6,3,subj:biographical-note,t:time:DURATION_VALUE
66,1110,7,yrs,subj:biographical-note,t:time:DURATION_YEAR
66,1111,8,in,subj:biographical-note,t:person:LOCATED_IN
66,1112,9,Ama,subj:biographical-note,t:location:NAME
66,1113,10,-,delimiter:thematic,delimiter:thematic
66,1114,11,His,fam:spouse,t:rel:HAS_WIFE
66,1115,12,wife,fam:spouse,t:rel:HAS_WIFE
66,1116,13,,fam:spouse,t:UNKNOWN
66,1117,14,s,fam:spouse,t:UNKNOWN
66,1118,15,name,fam:spouse,t:UNKNOWN
66,1119,16,is,fam:spouse,t:UNKNOWN
66,1120,17,Bridget,fam:spouse,t:person:NAME
66,1121,18,Phelan,fam:spouse,t:person:NAME
66,1122,19,-,delimiter:thematic,delimiter:thematic
66,1123,20,see,meta:record-reference,t:meta:SEE
66,1124,21,67,meta:record-reference,t:meta:ACCOUNT_NUMBER
66,1125,22,",",meta:record-reference,t:DELIMITER
66,1126,23,22468,meta:record-reference,t:meta:ACCOUNT_NUMBER
66,1127,24,END,END,END
17760,1128,0,START,START,START
17760,1129,1,Nat,subj:native-of,t:rel:IS_NATIVE_OF
17760,1130,2,of,subj:native-of,t:rel:IS_NATIVE_OF
17760,1131,3,Kingston,subj:native-of,t:location:NAME
17760,1132,4,",",subj:native-of,t:location:NAME
17760,1133,5,Ulster,subj:native-of,t:location:NAME
17760,1134,6,Co,subj:native-of,t:location:NAME
17760,1135,7,",",subj:native-of,t:location:NAME
17760,1136,8,NY,subj:native-of,t:location:NAME
17760,1137,9,-,delimiter:thematic,delimiter:thematic
17760,1138,10,Par,fam:parents,t:person:PARENTS
17760,1139,11,at,fam:parents,t:residential:CURRENTLY_LIVING_AT
17760,1140,12,residence,fam:parents,t:residential:RESIDENCE
17760,1141,13,",",fam:parents,t:DELIMITER
17760,1142,14,Fa,fam:parents,t:person:FATHER
17760,1143,15,Dr,fam:parents,t:person:NAME
17760,1144,16,James,fam:parents,t:person:NAME
17760,1145,17,Mairs,fam:parents,t:person:NAME
17760,1146,18,",",fam:parents,t:DELIMITER
17760,1147,19,Mo,fam:parents,t:person:MOTHER
17760,1148,20,Stella,fam:parents,t:person:NAME
17760,1149,21,Benton,fam:parents,t:person:NAME
17760,1150,22,-,delimiter:thematic,delimiter:thematic
17760,1151,23,22,fam:siblings,t:person:NUMBER
17760,1152,24,Bro,fam:siblings,t:person:BROTHERS
17760,1153,25,&,fam:siblings,t:DELIMITER
17760,1154,26,3,fam:siblings,t:person:NUMBER
17760,1155,27,Sis,fam:siblings,t:person:SISTERS
17760,1156,28,in,fam:siblings,t:person:LOCATED_IN
17760,1157,29,NY,fam:siblings,t:location:NAME
17760,1158,30,-,delimiter:thematic,delimiter:thematic
17760,1159,31,Is,fam:spouse,t:person:IS_WIDOWED
17760,1160,32,a,fam:spouse,t:person:IS_WIDOWED
17760,1161,33,Wid,fam:spouse,t:person:IS_WIDOWED
17760,1162,34,",",fam:spouse,t:DELIMITER
17760,1163,35,Husb,fam:spouse,t:person:HUSBAND
17760,1164,36,John,fam:spouse,t:person:NAME
17760,1165,37,R,fam:spouse,t:person:NAME
17760,1166,38,-,delimiter:thematic,delimiter:thematic
17760,1167,39,3,fam:children,t:person:NUMBER
17760,1168,40,Ch,fam:children,t:person:CHILDREN
17760,1169,41,Stella,fam:children,t:person:NAME
17760,1170,42,",",fam:children,t:DELIMITER
17760,1171,43,Kate,fam:children,t:person:NAME
17760,1172,44,&,fam:children,t:DELIMITER
17760,1173,45,Mary,fam:children,t:person:NAME
17760,1174,46,-,delimiter:thematic,delimiter:thematic
17760,1175,47,see,meta:record-reference,t:meta:SEE
17760,1176,48,4712,meta:record-reference,t:meta:ACCOUNT_NUMBER
17760,1177,49,",",meta:record-reference,t:DELIMITER
17760,1178,50,8602,meta:record-reference,t:meta:ACCOUNT_NUMBER
17760,1179,51,",",meta:record-reference,t:DELIMITER
17760,1180,52,11533,meta:record-reference,t:meta:ACCOUNT_NUMBER
17760,1181,53,END,END,END
18000,1182,0,START,START,START
18000,1183,1,Nat,subj:native-of,t:rel:IS_NATIVE_OF
18000,1184,2,of,subj:native-of,t:rel:IS_NATIVE_OF
18000,1185,3,Kilcommon,subj:native-of,t:location:NAME
18000,1186,4,",",subj:native-of,t:location:NAME
18000,1187,5,Co,subj:native-of,t:location:NAME
18000,1188,6,Mayo,subj:native-of,t:location:NAME
18000,1189,7,",",subj:native-of,t:location:NAME
18000,1190,8,-,delimiter:thematic,delimiter:thematic
18000,1191,9,Arr,subj:emigration-event,t:emigration:ARRIVED
18000,1192,10,May,subj:emigration-event,t:time:MONTH
18000,1193,11,,subj:emigration-event,t:time:YEAR
18000,1194,12,50,subj:emigration-event,t:time:YEAR
18000,1195,13,",",delimiter:thematic,delimiter:thematic
18000,1196,14,Mar,fam:spouse,t:rel:HAS_SPOUSE
18000,1197,15,to,fam:spouse,t:rel:HAS_SPOUSE
18000,1198,16,Wm,fam:spouse,t:person:NAME
18000,1199,17,Henderson,fam:spouse,t:person:NAME
18000,1200,18,-,delimiter:thematic,delimiter:thematic
18000,1201,19,Husb,fam:spouse,t:person:HUSBAND
18000,1202,20,dead,fam:spouse,t:person:IS_DEAD
18000,1203,21,",",delimiter:thematic,delimiter:thematic
18000,1204,22,No,fam:children,t:person:NUMBER
18000,1205,23,Ch,fam:children,t:person:CHILDREN
18000,1206,24,[,meta:parenthetical,meta:parenthetical
18000,1207,25,Lives,meta:parenthetical,meta:parenthetical
18000,1208,26,at,meta:parenthetical,meta:parenthetical
18000,1209,27,W,meta:parenthetical,meta:parenthetical
18000,1210,28,Farms,meta:parenthetical,meta:parenthetical
18000,1211,29,",",meta:parenthetical,meta:parenthetical
18000,1212,30,Lyons,meta:parenthetical,meta:parenthetical
18000,1213,31,Point,meta:parenthetical,meta:parenthetical
18000,1214,32,],meta:parenthetical,meta:parenthetical
18000,1215,33,END,END,END
7660,1216,0,START,START,START
7660,1217,1,Nat,subj:native-of,t:rel:IS_NATIVE_OF
7660,1218,2,of,subj:native-of,t:rel:IS_NATIVE_OF
7660,1219,3,Killagh,subj:native-of,t:location:NAME
7660,1220,4,",",subj:native-of,t:DELIMITER
7660,1221,5,3,subj:native-of,t:location:DISTANCE
7660,1222,6,mi,subj:native-of,t:location:DISTANCE_UNIT
7660,1223,7,fr,subj:native-of,t:location:FROM
7660,1224,8,Kenmare,subj:native-of,t:location:NAME
7660,1225,9,",",subj:native-of,t:location:NAME
7660,1226,10,Co,subj:native-of,t:location:NAME
7660,1227,11,Kerry,subj:native-of,t:location:NAME
7660,1228,12,",",subj:native-of,t:location:NAME
7660,1229,13,Ire,subj:native-of,t:location:NAME
7660,1230,14,-,delimiter:thematic,delimiter:thematic
7660,1231,15,Arr,subj:emigration-event,t:emigration:ARRIVED
7660,1232,16,at,subj:emigration-event,t:emigration:ARRIVED
7660,1233,17,Boston,subj:emigration-event,t:location:NAME
7660,1234,18,Jan,subj:emigration-event,t:time:MONTH
7660,1235,19,1850,subj:emigration-event,t:time:YEAR
7660,1236,20,per,subj:emigration-event,t:emigration:VIA
7660,1237,21,Saxony,subj:emigration-event,t:emigration:VESSEL
7660,1238,22,fr,subj:emigration-event,t:emigration:VESSEL_HAS_ORIGIN
7660,1239,23,LP,subj:emigration-event,t:location:NAME
7660,1240,24,-,delimiter:thematic,t:DELIMITER
7660,1241,25,Fa,fam:parents,t:person:FATHER
7660,1242,26,dead,fam:parents,t:person:IS_DEAD
7660,1243,27,",",fam:parents,t:DELIMITER
7660,1244,28,Jerh,fam:parents,t:person:NAME
7660,1245,29,",",fam:parents,t:DELIMITER
7660,1246,30,Mo,fam:parents,t:person:MOTHER
7660,1247,31,in,fam:parents,t:person:LOCATED_IN
7660,1248,32,Ire,fam:parents,t:location:NAME
7660,1249,33,Marg,fam:parents,t:person:NAME
7660,1250,34,,fam:parents,t:person:NAME
7660,1251,35,t,fam:parents,t:person:NAME
7660,1252,36,Cunboe,fam:parents,t:person:NAME
7660,1253,37,",",delimiter:thematic,delimiter:thematic
7660,1254,38,has,fam:siblings,t:rel:HAS
7660,1255,39,3,fam:siblings,t:person:NUMBER
7660,1256,40,Bro,fam:siblings,t:person:BROTHERS
7660,1257,41,Bart,fam:siblings,t:person:NAME
7660,1258,42,in,fam:siblings,t:person:LOCATED_IN
7660,1259,43,Canada,fam:siblings,t:location:NAME
7660,1260,44,",",fam:siblings,t:DELIMITER
7660,1261,45,Dan,fam:siblings,t:person:NAME
7660,1262,46,,fam:siblings,t:person:NAME
7660,1263,47,l,fam:siblings,t:person:NAME
7660,1264,48,&,fam:siblings,t:DELIMITER
7660,1265,49,Jer,fam:siblings,t:person:NAME
7660,1266,50,in,fam:siblings,t:person:LOCATED_IN
7660,1267,51,Engl,fam:siblings,t:location:NAME
7660,1268,52,-,delimiter:thematic,t:DELIMITER
7660,1269,53,Is,fam:spouse,t:rel:HAS_SPOUSE
7660,1270,54,Mar,fam:spouse,t:rel:HAS_SPOUSE
7660,1271,55,to,fam:spouse,t:rel:HAS_SPOUSE
7660,1272,56,Honora,fam:spouse,t:person:NAME
7660,1273,57,Sullivan,fam:spouse,t:person:NAME
7660,1274,58,-,delimiter:thematic,delimiter:thematic
7660,1275,59,2,fam:children,t:person:NUMBER
7660,1276,60,Ch,fam:children,t:person:CHILDREN
7660,1277,61,",",fam:children,t:DELIMITER
7660,1278,62,Jer,fam:children,t:person:NAME
7660,1279,63,&,fam:children,t:DELIMITER
7660,1280,64,Cath,fam:children,t:person:NAME
7660,1281,65,-,delimiter:thematic,delimiter:thematic
7660,1282,66,Mrs,subj:biographical-note,t:UNKNOWN
7660,1283,67,S,subj:biographical-note,t:UNKNOWN
7660,1284,68,is,subj:biographical-note,t:UNKNOWN
7660,1285,69,a,subj:biographical-note,t:UNKNOWN
7660,1286,70,Nat,subj:biographical-note,t:UNKNOWN
7660,1287,71,of,subj:biographical-note,t:UNKNOWN
7660,1288,72,same,subj:biographical-note,t:UNKNOWN
7660,1289,73,pl,subj:biographical-note,t:UNKNOWN
7660,1290,74,&,subj:biographical-note,t:UNKNOWN
7660,1291,75,arr,subj:biographical-note,t:UNKNOWN
7660,1292,76,with,subj:biographical-note,t:UNKNOWN
7660,1293,77,hus,subj:biographical-note,t:UNKNOWN
7660,1294,78,-,delimiter:thematic,delimiter:thematic
7660,1295,79,Fa,fam:parents,t:person:FATHER
7660,1296,80,dead,fam:parents,t:person:IS_DEAD
7660,1297,81,",",fam:parents,t:DELIMITER
7660,1298,82,Jno,fam:parents,t:person:NAME
7660,1299,83,",",fam:parents,t:DELIMITER
7660,1300,84,Mo,fam:parents,t:person:MOTHER
7660,1301,85,in,fam:parents,t:person:LOCATED_IN
7660,1302,86,Ire,fam:parents,t:location:NAME
7660,1303,87,Mary,fam:parents,t:person:NAME
7660,1304,88,Shea,fam:parents,t:person:NAME
7660,1305,89,",",delimiter:thematic,delimiter:thematic
7660,1306,90,2,fam:siblings,t:person:NUMBER
7660,1307,91,Bro,fam:siblings,t:person:BROTHERS
7660,1308,92,&,fam:siblings,t:DELIMITER
7660,1309,93,Sis,fam:siblings,t:person:SISTERS
7660,1310,94,-,delimiter:thematic,delimiter:thematic
7660,1311,95,see,meta:record-reference,t:meta:SEE
7660,1312,96,6805,meta:record-reference,t:meta:ACCOUNT_NUMBER
7660,1313,97,END,END,END
4660,1314,0,START,START,START
4660,1315,1,Nat,subj:native-of,t:rel:IS_NATIVE_OF
4660,1316,2,of,subj:native-of,t:rel:IS_NATIVE_OF
4660,1317,3,Mullowley,subj:native-of,t:location:NAME
4660,1318,4,",",subj:native-of,t:DELIMITER
4660,1319,5,2,subj:native-of,t:location:DISTANCE
4660,1320,6,mi,subj:native-of,t:location:DISTANCE_UNIT
4660,1321,7,fr,subj:native-of,t:location:FROM
4660,1322,8,Ballinagh,subj:native-of,t:location:NAME
4660,1323,9,",",subj:native-of,t:location:NAME
4660,1324,10,Co,subj:native-of,t:location:NAME
4660,1325,11,Cavan,subj:native-of,t:location:NAME
4660,1326,12,",",subj:native-of,t:location:NAME
4660,1327,13,Ire,subj:native-of,t:location:NAME
4660,1328,14,-,delimiter:thematic,delimiter:thematic
4660,1329,15,Arr,subj:emigration-event,t:emigration:ARRIVED
4660,1330,16,NY,subj:emigration-event,t:location:NAME
4660,1331,17,Feb,subj:emigration-event,t:time:MONTH
4660,1332,18,1st,subj:emigration-event,t:time:DATE
4660,1333,19,[,meta:parenthetical,meta:parenthetical
4660,1334,20,1853,meta:parenthetical,meta:parenthetical
4660,1335,21,],meta:parenthetical,meta:parenthetical
4660,1336,22,per,subj:emigration-event,t:emigration:VIA
4660,1337,23,Columbus,subj:emigration-event,t:emigration:VESSEL
4660,1338,24,fr,subj:emigration-event,t:emigration:VESSEL_HAS_ORIGIN
4660,1339,25,LP,subj:emigration-event,t:location:NAME
4660,1340,26,-,delimiter:thematic,delimiter:thematic
4660,1341,27,Par,fam:parents,t:person:PARENTS
4660,1342,28,dead,fam:parents,t:person:IS_DEAD
4660,1343,29,",",fam:parents,t:DELIMITER
4660,1344,30,Fa,fam:parents,t:person:FATHER
4660,1345,31,Mat,fam:parents,t:person:NAME
4660,1346,32,",",fam:parents,t:DELIMITER
4660,1347,33,Mo,fam:parents,t:person:MOTHER
4660,1348,34,Mary,fam:parents,t:person:NAME
4660,1349,35,Smith,fam:parents,t:person:NAME
4660,1350,36,",",delimiter:thematic,delimiter:thematic
4660,1351,37,2,fam:siblings,t:person:NUMBER
4660,1352,38,Bro,fam:siblings,t:person:BROTHERS
4660,1353,39,&,fam:siblings,t:DELIMITER
4660,1354,40,1,fam:siblings,t:person:NUMBER
4660,1355,41,Sis,fam:siblings,t:person:SISTERS
4660,1356,42,",",fam:siblings,t:DELIMITER
4660,1357,43,Pat,fam:siblings,t:person:NAME
4660,1358,44,",",fam:siblings,t:DELIMITER
4660,1359,45,Barth,fam:siblings,t:person:NAME
4660,1360,46,&,fam:siblings,t:DELIMITER
4660,1361,47,Ann,fam:siblings,t:person:NAME
4660,1362,48,-,delimiter:thematic,delimiter:thematic
4660,1363,49,Is,subj:marital-status,t:person:IS_SINGLE
4660,1364,50,Single,subj:marital-status,t:person:IS_SINGLE
4660,1365,51,END,END,END
1659,1366,0,START,START,START
1659,1367,1,Nat,subj:native-of,t:rel:IS_NATIVE_OF
1659,1368,2,of,subj:native-of,t:rel:IS_NATIVE_OF
1659,1369,3,Curraghinalt,subj:native-of,t:location:NAME
1659,1370,4,",",subj:native-of,t:location:NAME
1659,1371,5,Parish,subj:native-of,t:location:NAME
1659,1372,6,of,subj:native-of,t:location:NAME
1659,1373,7,Lower,subj:native-of,t:location:NAME
1659,1374,8,Bodoney,subj:native-of,t:location:NAME
1659,1375,9,",",subj:native-of,t:location:NAME
1659,1376,10,Co,subj:native-of,t:location:NAME
1659,1377,11,Tyrone,subj:native-of,t:location:NAME
1659,1378,12,",",subj:native-of,t:location:NAME
1659,1379,13,Ire,subj:native-of,t:location:NAME
1659,1380,14,-,delimiter:thematic,delimiter:thematic
1659,1381,15,Arr,subj:emigration-event,t:emigration:ARRIVED
1659,1382,16,Phila,subj:emigration-event,t:location:NAME
1659,1383,17,July,subj:emigration-event,t:time:MONTH
1659,1384,18,17,subj:emigration-event,t:time:DURATION_VALUE
1659,1385,19,yrs,subj:emigration-event,t:time:DURATION_YEARS
1659,1386,20,ago,subj:emigration-event,t:time:DURATION_YEARS
1659,1387,21,per,subj:emigration-event,t:emigration:VIA
1659,1388,22,ship,subj:emigration-event,t:emigration:VIA
1659,1389,23,_,subj:emigration-event,t:BLANK
1659,1390,24,_,subj:emigration-event,t:BLANK
1659,1391,25,_,subj:emigration-event,t:BLANK
1659,1392,26,_,subj:emigration-event,t:BLANK
1659,1393,27,fr,subj:emigration-event,t:emigration:VESSEL_HAS_ORIGIN
1659,1394,28,LP,subj:emigration-event,t:location:NAME
1659,1395,29,-,delimiter:thematic,delimiter:thematic
1659,1396,30,Par,fam:parents,t:person:PARENTS
1659,1397,31,d,fam:parents,t:person:IS_DEAD
1659,1398,32,Fa,fam:parents,t:person:FATHER
1659,1399,33,Owen,fam:parents,t:person:NAME
1659,1400,34,",",fam:parents,t:DELIMITER
1659,1401,35,Mo,fam:parents,t:person:MOTHER
1659,1402,36,lives,fam:parents,t:person:LOCATED_IN
1659,1403,37,NY,fam:parents,t:location:NAME
1659,1404,38,Rhoda,fam:parents,t:person:NAME
1659,1405,39,McVey,fam:parents,t:person:NAME
1659,1406,40,",",delimiter:thematic,delimiter:thematic
1659,1407,41,2,fam:siblings,t:person:NUMBER
1659,1408,42,Bro,fam:siblings,t:person:BROTHERS
1659,1409,43,",",fam:siblings,t:DELIMITER
1659,1410,44,1,fam:siblings,t:person:NUMBER
1659,1411,45,Bro,fam:siblings,t:person:BROTHERS
1659,1412,46,NY,fam:siblings,t:location:NAME
1659,1413,47,Daniel,fam:siblings,t:person:NAME
1659,1414,48,&,fam:siblings,t:DELIMITER
1659,1415,49,Henry,fam:siblings,t:person:NAME
1659,1416,50,",",fam:siblings,t:DELIMITER
1659,1417,51,4,fam:siblings,t:person:NUMBER
1659,1418,52,Sis,fam:siblings,t:person:SISTERS
1659,1419,53,in,fam:siblings,t:person:LOCATED_IN
1659,1420,54,US,fam:siblings,t:location:NAME
1659,1421,55,Mary,fam:siblings,t:person:NAME
1659,1422,56,",",fam:siblings,t:DELIMITER
1659,1423,57,Susan,fam:siblings,t:person:NAME
1659,1424,58,",",fam:siblings,t:DELIMITER
1659,1425,59,Sarah,fam:siblings,t:person:NAME
1659,1426,60,&,fam:siblings,t:DELIMITER
1659,1427,61,Cath,fam:siblings,t:person:NAME
1659,1428,62,-,delimiter:thematic,delimiter:thematic
1659,1429,63,Is,subj:marital-status,t:person:IS_SINGLE
1659,1430,64,Single,subj:marital-status,t:person:IS_SINGLE
1659,1431,65,-,delimiter:thematic,delimiter:thematic
1659,1432,66,see,meta:record-reference,t:meta:SEE
1659,1433,67,1658,meta:record-reference,t:meta:ACCOUNT_NUMBER
1659,1434,68,END,END,END
2359,1435,0,START,START,START
2359,1436,1,Nat,subj:native-of,t:rel:IS_NATIVE_OF
2359,1437,2,of,subj:native-of,t:rel:IS_NATIVE_OF
2359,1438,3,Dublin,subj:native-of,t:location:NAME
2359,1439,4,City,subj:native-of,t:location:NAME
2359,1440,5,",",subj:native-of,t:location:NAME
2359,1441,6,Ire,subj:native-of,t:location:NAME
2359,1442,7,-,delimiter:thematic,delimiter:thematic
2359,1443,8,Arr,subj:emigration-event,t:emigration:ARRIVED
2359,1444,9,NY,subj:emigration-event,t:location:NAME
2359,1445,10,Jun,subj:emigration-event,t:time:MONTH
2359,1446,11,17,subj:emigration-event,t:time:DATE
2359,1447,12,",",subj:emigration-event,t:DELIMITER
2359,1448,13,1852,subj:emigration-event,t:time:YEAR
2359,1449,14,per,subj:emigration-event,t:emigration:VIA
2359,1450,15,ship,subj:emigration-event,t:emigration:VIA
2359,1451,16,Isaac,subj:emigration-event,t:emigration:VESSEL
2359,1452,17,Webb,subj:emigration-event,t:emigration:VESSEL
2359,1453,18,fr,subj:emigration-event,t:emigration:VESSEL_HAS_ORIGIN
2359,1454,19,LP,subj:emigration-event,t:location:NAME
2359,1455,20,-,delimiter:thematic,delimiter:thematic
2359,1456,21,Step,fam:siblings,t:person:STEP_SIBLING
2359,1457,22,Sister,fam:siblings,t:person:SISTERS
2359,1458,23,to,fam:siblings,t:rel:TO
2359,1459,24,2357,fam:siblings,t:meta:ACCOUNT_NUMBER
2359,1460,25,Robert,fam:siblings,t:person:NAME
2359,1461,26,Cooke,fam:siblings,t:person:NAME
2359,1462,27,",",delimiter:thematic,delimiter:thematic
2359,1463,28,Fa,fam:parents,t:person:FATHER
2359,1464,29,d,fam:parents,t:person:IS_DEAD
2359,1465,30,Edmund,fam:parents,t:person:NAME
2359,1466,31,Howe,fam:parents,t:person:NAME
2359,1467,32,",",delimiter:thematic,t:DELIMITER
2359,1468,33,No,fam:siblings,t:person:NUMBER
2359,1469,34,Bro,fam:siblings,t:person:BROTHERS
2359,1470,35,",",fam:siblings,t:DELIMITER
2359,1471,36,1,fam:siblings,t:person:NUMBER
2359,1472,37,step,fam:siblings,t:person:STEP_SIBLING
2359,1473,38,Bro,fam:siblings,t:person:BROTHERS
2359,1474,39,Rob,fam:siblings,t:person:NAME
2359,1475,40,,fam:siblings,t:person:NAME
2359,1476,41,t,fam:siblings,t:person:NAME
2359,1477,42,Cooke,fam:siblings,t:person:NAME
2359,1478,43,",",fam:siblings,t:DELIMITER
2359,1479,44,1,fam:siblings,t:person:NUMBER
2359,1480,45,Sis,fam:siblings,t:person:SISTERS
2359,1481,46,Ann,fam:siblings,t:person:NAME
2359,1482,47,Howe,fam:siblings,t:person:NAME
2359,1483,48,[,meta:parenthetical,meta:parenthetical
2359,1484,49,dep,meta:parenthetical,meta:parenthetical
2359,1485,50,2359,meta:parenthetical,meta:parenthetical
2359,1486,51,],meta:parenthetical,meta:parenthetical
2359,1487,52,-,delimiter:thematic,delimiter:thematic
2359,1488,53,see,meta:record-reference,t:meta:SEE
2359,1489,54,2357,meta:record-reference,t:meta:ACCOUNT_NUMBER
2359,1490,55,",",meta:record-reference,t:DELIMITER
2359,1491,56,2358,meta:record-reference,t:meta:ACCOUNT_NUMBER
2359,1492,57,",",meta:record-reference,t:DELIMITER
2359,1493,58,2360,meta:record-reference,t:meta:ACCOUNT_NUMBER
2359,1494,59,",",meta:record-reference,t:DELIMITER
2359,1495,60,8487,meta:record-reference,t:meta:ACCOUNT_NUMBER
2359,1496,61,END,END,END
19359,1497,0,START,START,START
19359,1498,1,Nat,subj:native-of,t:rel:IS_NATIVE_OF
19359,1499,2,of,subj:native-of,t:rel:IS_NATIVE_OF
19359,1500,3,Drumduff,subj:native-of,t:location:NAME
19359,1501,4,",",subj:native-of,t:location:NAME
19359,1502,5,Co,subj:native-of,t:location:NAME
19359,1503,6,Cavan,subj:native-of,t:location:NAME
19359,1504,7,",",subj:native-of,t:location:NAME
19359,1505,8,Ire,subj:native-of,t:location:NAME
19359,1506,9,-,delimiter:thematic,t:DELIMITER
19359,1507,10,Arr,subj:emigration-event,t:emigration:ARRIVED
19359,1508,11,Mar,subj:emigration-event,t:time:MONTH
19359,1509,12,29,subj:emigration-event,t:time:DATE
19359,1510,13,",",subj:emigration-event,t:DELIMITER
19359,1511,14,1856,subj:emigration-event,t:time:YEAR
19359,1512,15,per,subj:emigration-event,t:emigration:VIA
19359,1513,16,Aurora,subj:emigration-event,t:emigation:VESSEL
19359,1514,17,fr,subj:emigration-event,t:emigration:VESSEL_HAS_ORIGIN
19359,1515,18,LP,subj:emigration-event,t:location:NAME
19359,1516,19,-,delimiter:thematic,delimiter:thematic
19359,1517,20,Fa,fam:parents,t:person:FATHER
19359,1518,21,d,fam:parents,t:person:IS_DEAD
19359,1519,22,",",fam:parents,t:DELIMITER
19359,1520,23,James,fam:parents,t:person:NAME
19359,1521,24,",",fam:parents,t:DELIMITER
19359,1522,25,Mo,fam:parents,t:person:MOTHER
19359,1523,26,in,fam:parents,t:person:LOCATED_IN
19359,1524,27,Ire,fam:parents,t:location:NAME
19359,1525,28,",",fam:parents,t:DELIMITER
19359,1526,29,Susan,fam:parents,t:person:NAME
19359,1527,30,Bradley,fam:parents,t:person:NAME
19359,1528,31,",",delimiter:thematic,t:DELIMITER
19359,1529,32,Is,subj:age,t:person:IS_MINOR
19359,1530,33,a,subj:age,t:person:IS_MINOR
19359,1531,34,Minor,subj:age,t:person:IS_MINOR
19359,1532,35,-,delimiter:thematic,delimiter:thematic
19359,1533,36,see,meta:record-reference,t:meta:SEE
19359,1534,37,13047,meta:record-reference,t:meta:ACCOUNT_NUMBER
19359,1535,38,END,END,END
1000,1536,0,START,START,START
1000,1537,1,Nat,subj:native-of,t:rel:IS_NATIVE_OF
1000,1538,2,Co,subj:native-of,t:location:NAME
1000,1539,3,Kilkenny,subj:native-of,t:location:NAME
1000,1540,4,",",subj:native-of,t:location:NAME
1000,1541,5,Parish,subj:native-of,t:location:NAME
1000,1542,6,Dunaggen,subj:native-of,t:location:NAME
1000,1543,7,",",subj:native-of,t:DELIMITER
1000,1544,8,3,subj:native-of,t:location:DISTANCE
1000,1545,9,miles,subj:native-of,t:location:DISTANCE_UNIT
1000,1546,10,from,subj:native-of,t:location:FROM
1000,1547,11,Callan,subj:native-of,t:location:NAME
1000,1548,12,",",subj:native-of,t:location:NAME
1000,1549,13,Ire,subj:native-of,t:location:NAME
1000,1550,14,-,delimiter:thematic,delimiter:thematic
1000,1551,15,Is,subj:biographical-note,t:UNKNOWN
1000,1552,16,in,subj:biographical-note,t:UNKNOWN
1000,1553,17,US,subj:biographical-note,t:UNKNOWN
1000,1554,18,12,subj:biographical-note,t:UNKNOWN
1000,1555,19,mos,subj:biographical-note,t:UNKNOWN
1000,1556,20,last,subj:biographical-note,t:UNKNOWN
1000,1557,21,4th,subj:biographical-note,t:UNKNOWN
1000,1558,22,July,subj:biographical-note,t:UNKNOWN
1000,1559,23,-,delimiter:thematic,delimiter:thematic
1000,1560,24,Parents,fam:parents,t:person:PARENTS
1000,1561,25,Dead,fam:parents,t:person:IS_DEAD
1000,1562,26,",",fam:parents,t:DELIMITER
1000,1563,27,Father,fam:parents,t:person:FATHER
1000,1564,28,James,fam:parents,t:person:NAME
1000,1565,29,",",fam:parents,t:DELIMITER
1000,1566,30,Mother,fam:parents,t:person:MOTHER
1000,1567,31,Judy,fam:parents,t:person:NAME
1000,1568,32,Dalton,fam:parents,t:person:NAME
1000,1569,33,-,delimiter:thematic,delimiter:thematic
1000,1570,34,No,fam:siblings,t:person:NUMBER
1000,1571,35,Bros,fam:siblings,t:person:BROTHERS
1000,1572,36,Had,fam:siblings,t:UNKNOWN
1000,1573,37,one,fam:siblings,t:UNKNOWN
1000,1574,38,who,fam:siblings,t:UNKNOWN
1000,1575,39,died,fam:siblings,t:UNKNOWN
1000,1576,40,here,fam:siblings,t:UNKNOWN
1000,1577,41,Michael,fam:siblings,t:person:NAME
1000,1578,42,-,fam:siblings,t:DELIMITER
1000,1579,43,no,fam:siblings,t:person:NUMBER
1000,1580,44,Sisters,fam:siblings,t:person:SISTERS
1000,1581,45,-,delimiter:thematic,delimiter:thematic
1000,1582,46,Single,subj:marital-status,t:person:IS_SINGLE
1000,1583,47,-,delimiter:thematic,delimiter:thematic
1000,1584,48,Works,subj:occupation,t:work:WORKS_FOR
1000,1585,49,now,subj:occupation,t:work:WORKS_FOR
1000,1586,50,for,subj:occupation,t:work:WORKS_FOR
1000,1587,51,Mr,subj:occupation,t:work:EMPLOYER_NAME
1000,1588,52,Smith,subj:occupation,t:work:EMPLOYER_NAME
1000,1589,53,at,subj:occupation,t:work:EMPLOYER_NAME
1000,1590,54,Factoryville,subj:occupation,t:work:EMPLOYER_NAME
1000,1591,55,",",subj:occupation,t:work:EMPLOYER_NAME
1000,1592,56,Staten,subj:occupation,t:work:EMPLOYER_NAME
1000,1593,57,Island,subj:occupation,t:work:EMPLOYER_NAME
1000,1594,58,END,END,END
13000,1595,0,START,START,START
13000,1596,1,Nat,subj:native-of,t:rel:IS_NATIVE_OF
13000,1597,2,of,subj:native-of,t:rel:IS_NATIVE_OF
13000,1598,3,Rathfarnham,subj:native-of,t:location:NAME
13000,1599,4,",",subj:native-of,t:location:NAME
13000,1600,5,Co,subj:native-of,t:location:NAME
13000,1601,6,Dublin,subj:native-of,t:location:NAME
13000,1602,7,",",subj:native-of,t:location:NAME
13000,1603,8,Ire,subj:native-of,t:location:NAME
13000,1604,9,",",delimiter:thematic,delimiter:thematic
13000,1605,10,Arr,subj:emigration-event,t:emigration:ARRIVED
13000,1606,11,Jun,subj:emigration-event,t:time:MONTH
13000,1607,12,,subj:emigration-event,t:time:YEAR
13000,1608,13,52,subj:emigration-event,t:time:YEAR
13000,1609,14,per,subj:emigration-event,t:emigration:VIA
13000,1610,15,A,subj:emigration-event,t:emigration:VESSEL
13000,1611,16,-,subj:emigration-event,t:emigration:VESSEL
13000,1612,17,Z,subj:emigration-event,t:emigration:VESSEL
13000,1613,18,fr,subj:emigration-event,t:emigration:VESSEL_HAS_ORIGIN
13000,1614,19,LP,subj:emigration-event,t:location:NAME
13000,1615,20,",",delimiter:thematic,delimiter:thematic
13000,1616,21,Par,fam:parents,t:person:PARENTS
13000,1617,22,in,fam:parents,t:person:LOCATED_IN
13000,1618,23,Ire,fam:parents,t:location:NAME
13000,1619,24,",",fam:parents,t:DELIMITER
13000,1620,25,Fa,fam:parents,t:person:FATHER
13000,1621,26,Edw,fam:parents,t:person:NAME
13000,1622,27,",",fam:parents,t:DELIMITER
13000,1623,28,Mo,fam:parents,t:person:MOTHER
13000,1624,29,Mary,fam:parents,t:person:NAME
13000,1625,30,Hood,fam:parents,t:person:NAME
13000,1626,31,",",delimiter:thematic,delimiter:thematic
13000,1627,32,5,fam:siblings,t:person:NUMBER
13000,1628,33,Sis,fam:siblings,t:person:SISTERS
13000,1629,34,",",fam:siblings,t:DELIMITER
13000,1630,35,Mary,fam:siblings,t:person:NAME
13000,1631,36,",",fam:siblings,t:DELIMITER
13000,1632,37,Ellen,fam:siblings,t:person:NAME
13000,1633,38,",",fam:siblings,t:DELIMITER
13000,1634,39,Sarah,fam:siblings,t:person:NAME
13000,1635,40,in,fam:siblings,t:person:LOCATED_IN
13000,1636,41,NY,fam:siblings,t:location:NAME
13000,1637,42,",",delimiter:thematic,delimiter:thematic
13000,1638,43,Single,subj:marital-status,t:person:IS_SINGLE
13000,1639,44,END,END,